Date,  NSW ,  Vic ,  Qld ,  SA ,  WA ,  Tas ,  NT ,  ACT ,  Other Territories ,  Total (State of residence/stay) ,  Under 1 week ,  1 and under 2 weeks ,  2 weeks and under 1 month ,  1 and under 2 months ,  2 and under 3 months ,  3 and under 6 months ,  6 and under 12 months ,  Total (Duration of stay in days) ,  Convention/conference ,  Business ,  Visiting friends/relatives ,  Holiday ,  Employment ,  Education ,  Other & not stated ,  Total (Reason for Journey) ,  New Zealand ,  New Caledonia ,  Papua New Guinea ,  Vanuatu ,  Fiji ,  Other Oceania and Antarctica ,  Total Oceania and Antarctica ,"  UK, CIs & IOM ",  Ireland ,  Austria ,  Belgium ,  France ,  Germany ,  Netherlands ,  Switzerland ,  Denmark ,  Finland ,  Norway ,  Sweden ,  Other North-West Europe ,  Total North-West Europe ,  Italy ,  Spain ,  Poland ,  Russian Federation ,  Other Southern and Eastern Europe ,  Total Southern and Eastern Europe ,  Iran ,  Israel ,  Saudi Arabia ,  United Arab Emirates ,  Other North Africa and the Middle East ,  Total North Africa and the Middle East ,  Cambodia ,  Thailand ,  Vietnam ,  Indonesia ,  Malaysia ,  Philippines ,  Singapore ,  Other South-East Asia ,  Total South-East Asia ,  China ,  Hong Kong ,  Taiwan ,  Japan ,"  Korea, South ",  Other North-East Asia ,  Total North-East Asia ,  Bangladesh ,  India ,  Nepal ,  Pakistan ,  Sri Lanka ,  Other Southern and Central Asia ,  Total Southern and Central Asia ,  Canada ,  United States of America ,  Argentina ,  Brazil ,  Chile ,  Colombia ,  Mexico ,  Other Americas ,  Total Americas ,  South Africa ,  Other Sub-Saharan Africa ,  Total Sub-Saharan Africa ,  Total (Country of stay/residence) 
1991-01-01,75630,28840,42710,4930,13790,1410,1220,1990,0,177410,44470,47940,30700,19730,8020,9580,16980,177410,1730,13650,28790,108880,2610,9860,11900,177410,26140,2470,4130,250,1560,1410,35960,21560,640,1080,340,1820,6200,1550,3540,1010,640,470,2350,110,41300,1750,370,160,0,1490,3780,120,400,20,90,410,1040,0,1230,100,3180,2950,1030,3460,170,12140,1260,4400,1980,46670,2340,60,56710,30,720,10,60,290,0,1110,4710,17590,380,490,70,40,70,250,23600,580,710,1290,177410
1991-02-01,78340,33830,42340,5780,17410,1800,1460,3740,0,190570,43590,51050,38500,23950,7950,8740,16810,190570,3670,18300,35250,109100,1670,10890,11690,190570,26630,2430,1950,270,1050,1240,33570,29650,980,810,240,1440,8580,2030,2790,910,520,330,1840,60,50180,1160,320,240,0,1630,3350,130,410,10,60,340,960,0,1720,170,2590,5470,1060,6940,460,18410,1160,9630,4510,36470,1170,70,53010,20,560,20,100,300,20,1030,5190,21860,280,170,110,30,130,200,27980,670,810,1480,190570
1991-03-01,80520,32020,45860,6240,15450,1350,710,2270,0,189180,42460,57720,44380,22030,6680,7170,8750,189180,1990,18610,40060,111670,1650,3690,11510,189180,37290,1040,2400,290,1540,1170,43740,28150,760,630,340,1430,6380,1790,2480,670,410,340,1490,20,44900,1250,270,200,0,1230,2960,90,380,200,130,230,1040,0,1890,190,2070,3900,1700,6340,430,16510,1430,5780,1800,36480,1050,90,46630,30,770,10,70,330,10,1220,5180,23800,180,140,100,10,150,160,29700,1010,710,1720,189180
1991-04-01,68330,25810,42900,4950,17160,710,1860,1800,0,168000,47890,49450,30960,19440,5050,6130,9080,168000,2140,20880,33930,96700,2650,4190,7520,168000,32000,750,2640,240,1230,830,37690,22750,640,710,210,1340,5870,1240,1820,550,310,260,960,10,36670,1210,180,100,0,910,2400,60,310,160,60,400,990,0,3240,170,3770,4330,1740,6460,230,19950,1120,3300,1590,38040,1700,30,45770,50,840,40,100,310,0,1350,2980,17720,170,130,50,10,80,130,21280,730,690,1420,168000
1991-05-01,65380,24750,43100,3610,15280,890,2360,1230,0,161400,53400,47270,31870,13050,4160,5380,6270,161400,2870,17810,30210,96510,2550,2830,8630,161400,44500,840,2090,180,1080,890,49580,15450,470,600,130,1090,3770,800,1260,430,220,180,510,10,24930,890,160,120,0,840,2010,70,340,30,100,440,980,0,2370,150,1720,4570,1430,4750,190,15170,990,3210,1490,37880,1910,30,45510,80,1050,90,110,210,0,1550,2810,16820,180,180,110,30,110,110,20360,460,450,910,161400
1991-06-01,64100,22550,58800,2900,12930,980,2060,1360,0,172230,51090,47890,35540,18930,6100,5720,6970,172230,10450,18670,33680,97410,2080,3270,6670,172230,37560,720,3380,220,1010,1120,44010,14780,670,480,190,1660,3140,1030,1200,580,590,280,910,40,25560,2330,170,150,0,1300,3950,70,310,130,40,430,980,0,1490,170,4100,2600,1220,10380,190,20160,1290,3960,1480,39120,2360,40,48240,90,1150,50,120,430,10,1860,3140,22160,140,140,70,130,90,230,26110,430,510,940,172230
1991-07-01,86770,30170,61970,3920,12380,890,2630,1960,0,208310,54820,53570,49390,28230,5100,7050,10150,208310,3620,18060,39170,129350,2170,7380,8560,208310,47550,840,2790,180,900,1260,53520,16090,750,960,490,2530,6320,1500,2050,540,360,280,1090,90,33040,2600,360,160,0,1380,4500,110,560,170,80,520,1430,0,1770,190,3530,3110,1020,4430,390,14440,1170,7720,3090,50060,2640,100,64780,50,710,30,190,250,20,1260,5440,27560,150,120,50,30,140,120,33620,570,470,1030,208310
1991-08-01,87560,28220,55210,3240,13260,890,2630,1560,0,199310,56410,60990,49130,16390,3710,5200,7470,199310,2460,18610,35630,127160,2240,3860,9330,199310,55880,1270,2650,200,1190,1210,62400,12420,560,720,200,2060,4080,920,1280,540,210,150,580,40,23760,2820,420,170,0,1170,4580,190,360,350,170,470,1540,0,1420,220,2210,2870,890,4930,230,12760,1580,6000,2910,44950,2960,140,58530,40,700,0,120,330,0,1190,3340,28680,140,120,70,30,160,230,32770,510,400,910,199310
1991-09-01,86500,27990,50130,3830,16010,780,1760,2330,0,197360,55550,55940,43670,19610,5430,7550,9600,197360,3640,17840,38130,123140,2570,4000,8040,197360,49220,840,3100,290,1160,1450,56060,13860,860,660,300,1510,6360,1490,1740,930,360,330,1050,50,29500,1500,390,160,0,1220,3270,60,380,210,50,370,1070,0,1470,350,2350,3480,1260,6140,180,15240,1360,3680,2200,45470,1260,30,54010,80,920,40,80,470,10,1600,4650,29240,130,290,130,40,110,260,34860,760,530,1290,197360
1991-10-01,90610,32860,56010,6420,15900,920,1700,2310,0,215970,57470,67280,44110,22830,6070,8270,9930,215970,3290,22610,38820,136330,2590,3510,8810,215970,47630,1070,2940,100,1220,1380,54350,22910,920,1190,550,2110,7840,3460,3050,1110,560,290,1900,60,45940,1990,320,210,0,1710,4220,130,430,180,60,390,1180,10,3360,350,2560,3790,1430,4910,220,16620,1200,3850,4390,48680,1920,40,60080,20,780,20,80,270,0,1180,5320,23850,260,300,160,50,130,190,30260,810,590,1400,215970
1991-11-01,93940,36350,54920,5680,18140,950,1690,2390,0,223860,60870,69610,41030,21680,8430,12160,10070,223860,4620,23480,45180,136520,2310,1990,9770,223860,41610,1160,2850,160,1960,1440,49190,27780,970,1090,460,2670,8100,2500,3560,1210,760,500,2420,90,52120,2250,570,280,0,1910,5010,130,460,180,20,530,1320,10,2050,460,2500,6760,1320,9430,200,22720,1940,4270,4720,47040,1790,90,59850,80,580,20,140,280,10,1110,5500,23440,210,170,150,70,200,230,29990,1140,700,1830,223860
1991-12-01,110600,43180,62200,7560,25600,1930,2040,2970,0,266750,58460,68820,59260,49370,10680,10810,9350,266750,2290,13340,75080,162720,1860,1970,9500,266750,34570,1780,4260,220,2870,1900,45610,38340,1370,1350,640,3020,11060,3050,4800,1370,800,670,4040,40,70560,4590,440,210,0,3030,8270,110,500,370,290,980,2250,0,2680,420,6410,4200,1640,19290,320,34970,1920,6980,4570,57710,2510,40,73720,60,1000,120,130,610,10,1950,5150,19030,420,240,220,70,170,360,25660,1570,1220,2790,266750
1992-01-01,86250,28990,50890,4180,14570,2040,700,1610,0,196090,57260,51970,32260,21540,8120,9300,15650,196090,1410,13860,32630,124450,2980,10020,10740,196090,20050,3210,4090,270,1850,1210,30690,22690,630,910,330,2180,7550,1980,3200,1210,620,480,2730,50,44540,2300,380,110,0,1290,4080,130,430,150,60,770,1540,10,1750,370,3130,3690,1080,4370,350,14750,1180,6340,4450,58750,4460,100,75280,50,490,30,110,260,10,960,3730,17150,560,360,150,70,90,180,22290,480,770,1250,196090
1992-02-01,105340,40880,54510,5710,19340,1860,1430,1720,0,238250,63810,67540,44620,27650,8630,9520,16490,238250,2360,22290,39510,148630,1900,13500,10050,238250,24060,2850,2050,260,1550,1360,32140,34260,890,980,280,1780,9330,2040,2760,1110,390,470,2070,80,56460,1770,260,230,0,1740,4010,120,460,120,110,600,1400,10,2650,410,3460,7790,1460,9920,230,25940,2100,12020,11110,54000,3100,110,82440,50,640,20,250,390,20,1380,5710,25080,260,160,130,0,130,220,31690,1410,670,2090,238250
1992-03-01,101310,31960,49420,5290,16820,1470,1310,1660,0,217800,61330,67570,42060,25400,6970,6580,7890,217800,3360,24100,39050,135750,2300,3060,10170,217800,31280,940,2070,120,1050,1110,36570,30900,720,720,250,1890,7980,2070,2950,790,380,360,1770,10,50810,2130,350,150,0,1790,4410,80,390,170,210,550,1400,0,2490,430,2500,3630,1400,6130,530,17130,1580,4090,6190,54000,2350,80,68290,40,970,30,200,550,0,1800,5340,27620,340,190,100,70,300,290,34230,1550,770,2330,217800
1992-04-01,93600,28990,49590,4670,16830,1180,1460,1530,0,203830,62430,57490,41770,21880,6330,6630,7290,203830,2520,18870,42540,122370,2090,4700,10740,203830,33040,1380,3360,410,1620,1370,41190,27180,700,700,260,1440,7200,1430,1640,560,220,310,930,40,42620,1360,260,100,0,890,2600,100,300,180,170,380,1140,50,4450,420,4460,4920,1890,5940,310,22470,1320,6380,4550,47780,2330,60,62420,30,840,30,190,390,10,1490,3710,22590,200,110,80,30,210,110,27040,1330,820,2140,203830
1992-05-01,74960,23590,53270,2720,11180,950,2070,1340,0,175220,61780,51770,32240,13300,4340,6000,5800,175220,2900,21880,30100,105150,1860,2610,10730,175220,40670,1320,2270,200,1080,1070,46610,14170,330,540,240,1080,4350,1120,1230,520,260,200,570,70,24680,1150,280,70,0,970,2470,40,350,230,50,240,910,0,2510,520,2280,4670,1510,6450,130,18070,1500,3870,2620,45950,1970,30,55930,30,1230,20,80,250,10,1610,2620,20010,100,210,100,40,90,160,23320,730,300,1030,175220
1992-06-01,71860,21900,57170,3310,14370,700,1660,1260,0,176940,63310,43740,32210,20300,6050,5360,5980,176940,1530,17690,31010,111350,1900,2920,10540,176940,33650,670,2620,190,900,930,38960,15910,650,490,210,1190,5100,950,1060,560,330,210,1020,50,27750,1360,200,170,0,1220,2950,90,200,150,290,510,1240,10,1460,330,4060,3720,1200,11670,160,22610,1310,5080,2070,48180,1660,70,58360,60,1040,50,160,170,10,1490,2460,18890,170,80,40,60,130,80,21910,500,410,910,176940
1992-07-01,90140,26950,68680,4700,15710,800,2330,1950,0,219260,65140,52000,48490,28620,5880,7960,11160,219260,3300,18340,39860,131490,1900,10200,14170,219260,42680,890,4080,330,850,1380,50210,17930,540,940,560,3040,6350,1850,2000,820,350,350,980,50,35770,2630,450,140,0,1190,4430,130,430,270,150,660,1630,10,2310,350,4490,4120,1090,5510,260,18150,1300,9350,5390,58590,3440,110,78170,20,650,40,140,200,0,1060,4380,22140,170,150,80,40,200,180,27340,1140,670,1800,219260
1992-08-01,88000,22670,58830,3110,14680,710,2580,1240,0,199080,61710,60350,43730,17600,3760,5800,6140,199080,2810,20020,31420,125830,1760,3280,13960,199080,44380,1440,2540,180,1290,1050,50880,14820,560,870,250,2780,5740,1330,1630,590,360,240,880,110,30150,3690,630,230,0,1100,5650,160,300,280,260,470,1460,10,1750,310,3270,5010,1060,5660,560,17620,1260,5650,3460,54470,3340,70,68260,90,570,40,80,190,10,970,2570,18790,170,180,50,10,140,90,22000,940,560,1510,199080
1992-09-01,81490,22850,53420,3900,16890,510,2000,1930,0,190020,60060,55780,35250,19640,4180,7400,7700,190020,3840,19350,34520,116360,1410,2950,11580,190020,41480,850,2950,240,1090,1230,47840,18310,680,690,440,1930,6000,1770,1920,1020,440,300,1160,40,34700,1540,360,130,0,1050,3080,100,400,120,140,580,1340,10,3980,350,2710,4480,1240,7810,160,20760,1780,3910,3340,47390,1520,60,57990,40,650,0,80,250,10,1020,2870,16950,220,350,120,60,140,270,20970,1270,460,1730,190020
1992-10-01,95300,32340,63410,4950,18780,920,2420,1590,0,229320,60570,73490,43870,26700,7240,9390,8080,229320,3250,21970,40620,144770,1680,3930,13110,229320,47270,1170,3210,300,1280,1270,54500,23750,860,1140,480,2280,9370,3290,3100,920,460,440,1590,60,47720,2140,790,230,0,1610,4770,70,550,140,150,540,1440,0,4620,360,3330,5720,1230,9080,410,24760,1520,4150,6860,47310,2390,30,62240,30,750,10,120,290,10,1210,4500,24750,240,270,150,30,160,240,30330,1190,510,1700,229320
1992-11-01,113730,37890,66630,6020,21790,1390,1250,1980,0,255040,70960,82700,45300,25440,9210,12740,8700,255040,3380,25210,48770,160320,2150,1960,13250,255040,44310,1260,3130,270,1630,1620,52220,32310,1080,1400,470,2490,8860,2810,3520,1060,570,470,1980,130,57140,2370,400,220,20,2170,5190,110,370,140,60,630,1310,100,2550,430,2930,7600,1230,15990,320,31160,1960,5070,7050,52960,2960,30,70030,30,650,50,120,320,10,1180,5480,26510,210,150,110,30,120,200,32820,2040,780,2820,255040
1992-12-01,130290,42850,78940,8290,31030,3000,1830,2340,0,302400,71510,84160,68770,49730,10910,11020,6300,302400,1670,12750,79480,188940,1750,2200,15620,302400,44670,1990,4590,460,2150,2220,56080,37680,1080,1420,470,3270,12060,2910,4000,1200,690,620,3440,190,69040,4980,540,240,20,2810,8590,110,480,620,190,1060,2450,20,3040,470,9230,5000,1720,28280,610,48370,1870,8830,6380,60550,4050,140,81820,40,1120,0,80,570,10,1820,5560,22370,460,270,330,60,230,410,29680,2680,1100,3780,302400
1993-01-01,107530,32820,67410,4990,19130,1810,1320,1620,0,242760,76320,73250,37710,23470,8580,9710,13720,242760,1640,15510,36730,160490,2460,10330,15600,242760,26940,3160,4650,390,1240,1340,37720,25710,810,1040,320,2770,8310,2390,3170,1160,430,310,1870,50,48350,2080,380,150,20,1450,4070,50,420,270,20,630,1400,60,2770,280,4190,6940,1050,10930,420,26640,1360,11170,13300,62520,6980,180,95500,70,740,10,130,310,10,1270,4230,20160,470,270,200,50,80,130,25590,860,720,1580,242760
1993-02-01,111900,38710,57540,5810,20000,2340,1340,2190,0,245460,72100,67980,41820,28490,8110,9180,17760,245460,3480,23230,39390,146830,2010,14870,15660,245460,28440,2880,2690,310,1540,1290,37160,31290,790,1260,360,2330,10080,2430,2970,1220,450,670,1790,50,55680,1950,280,190,20,1690,4130,100,440,180,70,630,1420,60,1970,300,4310,5210,1680,7760,350,21630,1740,7300,12570,58050,6330,70,86060,50,750,20,140,370,30,1340,5910,27620,410,270,70,40,120,270,34710,1780,690,2480,245460
1993-03-01,115310,37210,66710,7220,20380,2710,960,2080,0,257950,75470,81500,50260,27950,8580,7010,7180,257950,3160,25390,49020,160410,1910,2850,15210,257950,35370,920,2140,190,1790,1220,41620,38140,1280,940,310,2040,11010,2030,2440,1010,300,390,1480,30,61410,1950,470,170,50,1360,4000,100,640,490,240,640,2110,40,3140,370,7780,6690,1350,10070,670,30110,1580,7060,9140,57890,3480,50,79210,90,770,30,50,320,10,1260,4910,28540,470,180,130,70,260,170,34730,1990,660,2660,257950
1993-04-01,100640,29330,64560,5050,19550,1040,1870,1490,0,226320,72950,71400,41180,21980,5540,5580,7690,226320,4360,20920,42350,138750,1750,4360,13830,226320,39990,1090,3300,210,1640,1140,47380,23960,770,770,310,2110,8090,1480,1540,690,290,340,960,40,41340,1270,180,110,40,970,2580,70,430,240,140,620,1500,30,8770,340,3890,6280,2410,9150,480,31350,1720,8720,9170,49060,3180,120,71970,10,790,30,150,340,20,1330,3440,20520,320,80,90,10,160,140,24770,2340,700,3040,226320
1993-05-01,89410,32820,66460,3390,16710,900,2150,1100,0,213410,71120,72400,38930,15510,3940,6280,5230,213410,11050,22440,33620,129280,1560,2680,12770,213410,46760,1290,2640,220,1210,1440,53550,17520,500,660,320,1820,5610,1120,1450,540,280,150,730,130,30840,1290,260,100,10,1020,2690,80,320,190,40,420,1050,20,3970,330,3430,6310,2290,9410,330,26090,1710,5600,4960,52050,3970,80,68360,50,1300,10,140,250,10,1750,2990,22070,210,340,90,70,260,370,26400,1500,550,2050,213410
1993-06-01,85650,22460,69530,3170,19370,610,1730,1170,0,204580,72690,58670,34780,20820,5750,6080,5800,204580,2450,19480,32950,131770,1520,3330,13080,204580,38220,880,3340,230,1040,1210,44930,14160,660,520,260,1270,5360,1210,1040,630,200,210,950,60,26530,1550,280,110,20,1270,3250,20,390,60,140,690,1300,20,1550,270,6760,6480,1390,18820,180,35460,1710,6580,3360,50790,2930,110,65470,50,880,20,110,180,10,1250,2450,20130,140,180,100,40,110,180,23340,1990,450,2450,204580
1993-07-01,112540,29150,71200,5070,18680,910,3670,2590,0,244620,67460,61620,55880,33750,5500,8160,12250,244620,4330,20360,41290,148930,2160,12790,14760,244620,45810,1070,4050,330,940,1470,53660,19560,1030,1210,720,3410,8730,2330,2320,720,270,350,1020,40,41720,3850,670,150,10,1540,6210,50,490,460,370,1100,2480,60,2720,330,6760,4480,1210,7180,270,23010,1870,10830,8180,56820,5280,80,83070,60,640,20,190,240,20,1160,3830,25210,190,230,120,10,210,180,29990,2040,570,2610,244620
1993-08-01,103620,25440,79080,3920,19780,790,3840,1280,0,239930,80980,74340,48450,19440,3830,5800,7090,239930,2040,23100,38950,154880,2030,3720,15220,239930,54730,1220,2870,150,1050,1640,61650,17430,630,950,280,3520,5830,1420,1110,590,240,240,590,60,32900,3960,720,140,20,1180,6020,120,260,320,330,650,1680,100,2750,270,4490,6900,1130,7250,650,23540,2230,6960,7950,62890,5950,150,86140,70,600,30,110,250,10,1070,3020,19100,200,280,90,40,120,110,22950,2540,890,3430,239930
1993-09-01,99600,24720,65700,5940,20390,850,2950,2600,0,224030,72360,67170,41240,22410,5500,7120,8220,224030,7000,22510,38880,134740,2320,3660,14920,224030,52610,1020,2910,230,950,1350,59070,19390,910,930,640,2390,7720,2160,2530,1110,490,460,1160,90,39970,2460,590,230,30,1640,4950,200,490,390,170,720,1970,10,2720,190,4310,5160,1160,10110,180,23850,1510,4380,7200,48400,3300,50,64840,40,780,30,110,290,40,1290,3020,20440,230,170,90,70,190,210,24430,2340,690,3030,224030
1993-10-01,125690,31310,73480,5550,21290,1420,3200,2180,0,267220,78230,83200,51600,27380,7260,9910,9630,267220,4030,28240,43260,174330,2230,5400,9740,267220,47970,1440,3430,160,1370,1560,55940,27950,1110,1450,420,2650,12950,3450,3860,1180,460,530,1700,60,57780,2830,460,290,40,1630,5260,70,490,300,100,680,1650,40,8110,180,4680,7170,1210,10590,300,32280,2200,6480,10580,50480,5670,70,75490,40,860,120,100,250,10,1380,5050,27470,510,220,140,30,190,200,33810,2320,630,2950,267220
1993-11-01,116820,42390,82340,7770,29800,1950,2660,2190,0,285910,85020,91140,50290,26560,10770,13500,8640,285910,4420,31000,49190,185390,2060,2510,11340,285910,38270,1330,3440,390,1750,1470,46640,34620,1220,1580,670,3180,10220,3720,3690,1370,750,480,2150,210,63870,3520,640,360,130,2230,6870,120,540,220,100,860,1840,40,2980,190,5110,13200,1310,20320,610,43760,2700,7330,11010,54760,6980,230,83010,30,760,0,80,320,70,1260,5460,26570,200,160,130,40,130,280,32970,2660,2150,4810,285910
1993-12-01,142900,51670,93050,9190,38530,3600,1940,3160,0,344040,80590,101260,79520,50740,12790,11820,7330,344040,2240,16200,84910,224360,2020,2220,12090,344040,44160,2090,4970,410,2790,2570,56990,40550,1310,1840,710,3510,11680,3750,4430,1360,550,510,3200,180,73580,4920,520,410,150,3570,9570,140,600,290,230,1240,2500,30,5000,270,15840,5580,1730,33310,860,62610,1940,9600,11300,67110,7970,190,98120,140,900,20,80,510,20,1670,6220,23440,520,290,330,100,240,320,31460,4060,1860,5920,344040
1994-01-01,114520,38270,65050,5770,21620,2190,1640,1460,0,250530,74310,67680,42980,27030,10240,11690,16600,250530,1620,19840,42230,158410,3570,13140,11710,250530,27830,3920,4720,310,1680,1480,39950,28600,1240,1350,530,2830,11850,2680,3320,1400,480,490,1970,80,56800,2930,400,200,100,1980,5610,100,520,300,50,760,1740,40,3380,280,6080,3550,1140,5860,310,20640,1660,5710,9070,61230,14460,170,92290,40,910,80,180,340,30,1580,5290,21680,570,410,190,40,110,170,28460,1470,1140,2600,250530
1994-02-01,134630,43170,82990,7360,29210,2340,2270,2320,0,304280,87870,97490,49500,30150,9170,10710,19400,304280,3950,29110,43600,197140,2580,16600,11290,304280,24560,3280,2930,310,1360,1690,34130,35850,1200,1740,500,2850,13120,3450,3600,1570,560,530,2040,160,67150,2470,580,280,420,2080,5840,110,530,270,180,560,1650,90,5020,270,5790,10790,1630,16200,500,40280,1980,14770,20600,65760,10080,420,113610,60,890,30,150,290,40,1450,5410,28640,470,300,200,70,210,270,35560,2320,960,3270,304280
1994-03-01,138580,45380,78410,6840,32650,1250,2510,1780,0,307400,89960,104860,59170,29470,7970,8200,7770,307400,5890,31010,53810,198130,2410,3800,12350,307400,37690,1250,2930,300,1330,1710,45210,35820,1500,1310,480,2460,13800,2510,3410,1390,610,720,2440,170,66620,3400,840,310,60,1880,6510,120,560,320,320,740,2060,80,4530,470,14290,8620,2130,12370,650,43140,2060,9060,15470,64380,7830,620,99440,90,750,50,70,320,40,1320,6040,31110,640,260,150,50,190,330,38770,2360,1350,3720,307400
1994-04-01,118480,32280,68170,5870,23950,1150,2740,2490,0,255130,80340,84160,44440,22540,6840,7830,8990,255130,5230,28060,41990,159660,3050,6600,10530,255130,36060,1460,3490,450,1520,1650,44630,26070,970,1050,420,2150,8740,1580,2160,910,360,560,1250,30,46250,1750,260,130,290,1510,3940,80,500,150,160,590,1480,20,12540,180,4980,6820,2990,10810,580,38930,2130,7960,15170,51700,6320,140,83410,40,1320,90,150,500,20,2120,3780,24630,270,290,80,70,250,270,29640,1790,2440,4230,255130
1994-05-01,91620,25320,69520,3460,20030,1090,2470,1440,0,214940,77130,71870,33320,14660,5080,6570,6310,214940,2860,28760,31860,136890,2100,3460,9020,214940,37020,870,2790,400,1260,1280,43620,16360,820,720,360,1540,5860,1200,1430,460,240,190,580,10,29750,1380,340,190,130,920,2950,90,360,100,110,500,1160,100,5400,330,5500,7410,2080,14470,320,35610,2630,5180,9120,54630,5380,160,77090,30,1200,40,110,230,40,1650,2720,16760,370,220,100,50,180,240,20640,1570,710,2280,214940
1994-06-01,97760,26390,75650,3400,21800,740,3490,1700,0,230940,81630,66650,38880,21050,7950,7710,7060,230940,3070,25870,38460,148020,1910,4570,9030,230940,40710,910,3810,280,1300,1650,48650,15020,1340,570,260,1640,5470,1540,1260,740,330,260,1040,60,29530,1570,310,210,120,1290,3500,60,470,340,200,920,1990,50,3030,300,10340,7620,1520,20880,360,44100,2110,8650,5840,51860,4910,300,73670,60,1010,40,220,150,20,1490,2490,22150,170,170,90,110,230,140,25560,1920,330,2260,230940
1994-07-01,126810,34140,80290,5970,25690,870,6160,2580,0,282510,78360,74180,60580,35850,9690,10100,13760,282510,5000,27410,44460,176030,2850,15380,11390,282510,45320,1100,3910,170,1300,1910,53700,21670,1020,1460,770,4890,10130,2570,2800,900,360,540,1190,70,48360,4620,650,210,170,1510,7150,170,760,440,510,960,2830,40,4920,390,10150,5800,1490,9170,600,32560,2590,12620,12880,62050,9750,350,100230,80,930,40,190,320,10,1570,4290,26750,460,300,80,70,200,180,32320,2520,1030,3550,282510
1994-08-01,119140,27640,83670,3760,24060,670,4630,1870,0,265430,89770,86800,49990,20130,4680,5930,8140,265430,3360,26680,36590,180890,2610,3930,11370,265430,53650,1510,2320,380,1290,1290,60440,17760,1150,970,550,3640,6650,1820,1640,770,300,340,830,230,36670,4320,1070,220,160,1330,7100,120,510,320,400,870,2220,20,4160,250,6800,7940,1360,10350,870,31740,2230,9070,10030,65850,11530,540,99250,10,770,20,100,310,20,1220,2970,19850,310,240,130,60,150,200,23910,2130,620,2750,265430
1994-09-01,109200,27800,81480,4730,23950,760,3950,2090,0,253970,77010,80510,47010,23330,6240,9560,10310,253970,10960,25610,47920,147650,1380,4420,16040,253970,49640,1100,3720,250,1460,1720,57880,22400,1160,1070,650,2530,8850,2590,2810,1440,470,420,1310,100,45820,2910,640,230,500,2110,6390,100,580,280,180,840,1980,10,4090,350,6250,6170,1640,13330,490,32310,2260,6740,7530,55380,6550,170,78630,30,950,10,130,380,40,1540,3820,19910,570,370,230,20,140,250,25310,2950,730,3680,253970
1994-10-01,127760,40960,88050,6480,29520,1160,5510,2150,0,301590,83640,98810,55990,30320,9300,11740,11790,301590,10820,29750,55660,180590,1710,6380,16690,301590,45690,1550,3200,270,1330,1940,53980,31600,1540,1760,950,3210,13470,3900,4440,1820,520,610,2110,210,66140,2750,570,340,250,2030,5930,90,610,30,190,910,1830,30,9930,420,7920,9240,1760,13270,340,42900,3450,7750,14240,56930,8870,140,91380,80,940,30,80,370,40,1540,5260,27120,360,440,120,110,260,260,33930,3040,630,3680,301590
1994-11-01,131050,41440,89540,8430,32880,1970,3570,2110,0,311000,93900,100100,52810,27560,11610,14840,10180,311000,8750,32010,61950,188450,1500,2640,15690,311000,36080,1380,3460,270,2270,1530,44980,37570,1560,1690,700,3300,12280,3420,4710,1500,650,490,2350,210,70440,3210,700,450,190,2840,7400,140,740,130,230,980,2220,20,5090,400,7660,14320,1710,23470,430,53100,3240,8710,11010,56520,12320,160,91960,20,1100,40,190,430,40,1830,5740,26540,520,340,340,40,230,520,34270,3440,880,4310,311000
1994-12-01,158500,55940,107820,7840,43800,3800,3310,3020,0,384010,86710,118160,89430,55760,12520,13170,8260,384010,3420,17810,106480,237110,1350,2460,15370,384010,46100,1880,4650,560,3390,2430,59010,46590,1660,1830,830,3480,12470,3660,4780,1750,660,620,3060,170,81560,5380,500,390,360,3840,10470,120,730,280,290,1320,2750,50,4730,430,19950,6790,2220,37460,830,72470,3350,13320,11570,74800,12270,170,115480,60,1320,30,270,780,100,2550,6470,24540,560,540,330,120,260,430,33250,4750,1470,6220,384010
1995-01-01,133300,41240,87520,6750,27210,2620,2330,2800,0,303760,91310,89690,50990,31710,10910,12700,16440,303760,3070,21130,54810,189210,2350,12350,20830,303760,32070,4510,4170,400,1710,1390,44250,36220,1550,1590,520,3470,11300,2560,3780,1650,520,630,2150,50,66000,3050,440,280,320,2320,6410,70,650,140,310,1020,2190,30,3700,170,8850,6410,1370,11730,620,32890,2660,12350,13350,68180,19680,200,116420,90,1050,80,200,420,50,1890,5870,22490,680,630,280,180,140,380,30630,1870,830,2690,303760
1995-02-01,142740,52460,80650,6550,28120,2260,2360,3380,530,319050,90850,99500,53940,30480,9650,12430,22190,319050,8600,29090,54960,185790,1570,20420,18620,319050,25590,3130,2710,300,1520,1460,34710,40660,1540,1550,770,3600,13390,3450,3650,1700,680,640,2300,90,74030,2530,410,290,350,2410,5980,120,710,290,120,860,2090,10,4960,470,12140,11200,1680,13040,810,44310,2850,12640,23180,60350,14060,280,113360,50,1380,60,160,420,100,2160,5550,31680,630,360,150,100,100,270,38840,2400,700,3100,319050
1995-03-01,137900,43940,86180,7640,30270,1860,2720,2160,880,313540,100690,103400,54260,28670,8110,9350,9070,313540,7560,33620,56270,193960,1890,4210,16030,313540,37640,1170,2850,240,1410,1460,44770,35810,1320,1340,670,2700,12430,2860,3030,1370,520,590,1810,60,64520,2630,700,300,120,2130,5880,160,720,290,110,790,2070,30,6820,300,15140,9980,1850,13340,590,48060,2960,6800,14770,67950,13300,120,105910,50,1150,80,160,430,50,1910,5540,28880,680,250,120,70,130,190,35860,3150,600,3750,313540
1995-04-01,125210,41690,84590,6610,27780,1880,3280,2440,680,294160,88390,95480,55490,26640,8590,9920,9640,294160,5580,26840,62810,175430,1880,6800,14820,294160,44850,1280,3770,330,1680,1920,53820,31780,1350,900,510,2260,9390,2010,2570,910,330,500,1050,110,53660,1730,290,140,120,1470,3760,100,610,290,200,860,2060,70,17130,380,8080,6930,3930,11390,300,48210,3220,11890,14360,57100,11050,160,97780,60,1360,70,170,560,120,2340,3950,23650,410,280,100,30,90,380,28880,2360,710,3070,294160
1995-05-01,102460,27730,82140,3260,21640,1010,4240,1530,800,244810,93720,77820,37130,15840,4600,7890,7820,244810,6780,29940,38070,150620,1670,3800,13940,244810,38220,1360,3210,270,1260,1600,45920,17140,800,700,340,1790,6360,1460,1410,600,210,210,690,40,31740,1570,260,110,150,1090,3190,60,450,110,90,620,1330,60,7880,460,7980,12210,2760,15990,670,47990,2850,6450,8060,60720,9280,80,87440,50,2200,40,140,290,30,2750,2770,18220,200,310,160,40,90,280,22080,1670,400,2070,244810
1995-06-01,108050,27780,89720,4010,24790,880,3700,1720,800,261440,90660,76410,45210,22270,9230,9200,8470,261440,6590,25270,48130,157310,1900,5780,16460,261440,46990,910,4270,220,1080,1620,55090,15280,1660,770,320,1700,6120,1520,1120,890,360,430,1160,50,31380,1540,430,190,20,1440,3610,90,540,110,390,940,2070,40,4260,290,13300,6650,1670,23900,320,50430,2920,8170,8120,56480,7830,110,83650,70,1440,40,130,240,40,1950,3100,25570,110,230,120,150,150,340,29780,2620,500,3120,261440
1995-07-01,149380,38500,102340,5410,24480,1080,5180,2560,800,329740,95160,89900,67480,37830,10130,12120,17120,329740,9530,33720,53370,193710,1860,19620,17920,329740,54530,1130,4570,360,1220,2040,63840,20670,1320,1510,1010,5040,9810,3130,2620,1180,310,520,1250,160,48520,4070,1070,300,70,2290,7810,100,660,300,480,1440,2990,60,5410,510,13960,6360,2200,9870,540,38900,3520,18740,16350,73190,14320,170,126300,130,1220,80,180,400,40,2040,5220,29330,340,460,130,20,120,400,36010,1910,870,2780,329740
1995-08-01,128760,30790,106800,5000,24840,890,5090,1990,720,304900,103030,101690,57600,20940,5040,8840,7770,304900,7870,40360,44810,190720,1660,4550,14940,304900,56290,1500,2580,270,1110,1970,63720,17920,1000,1250,450,3440,7460,2000,1510,790,360,360,860,90,37480,4640,1050,240,140,1710,7770,120,630,260,570,1110,2690,20,4710,330,8500,8780,2020,11550,760,36680,3450,12600,11860,83270,14590,280,126040,60,1040,80,140,420,30,1760,3600,21140,150,220,90,60,260,290,25820,1630,890,2520,304900
1995-09-01,118590,31010,81090,5090,24630,1150,4050,2140,830,268570,85690,83490,47760,22970,6640,10280,11740,268570,9450,28830,52630,154660,1750,5540,15700,268570,55560,1060,3380,330,1430,1830,63600,20710,1270,1820,720,2340,10780,2890,2800,1200,500,560,1780,70,47430,2650,720,260,230,1710,5580,140,870,270,260,1080,2620,10,4680,380,7080,6480,2100,14350,330,35420,3250,7070,7690,57590,9150,100,84850,50,1160,60,140,440,40,1880,3580,18750,280,380,240,60,170,350,23800,2590,680,3260,268570
1995-10-01,143850,38990,91430,6640,30330,1440,5440,2090,460,320660,92740,104350,56750,30480,10180,12900,13260,320660,12150,33710,57280,191740,1950,7640,16190,320660,50420,1660,3120,300,1470,2370,59340,31000,1880,2010,860,3020,14640,4100,3980,1860,670,660,2830,180,67690,3190,630,310,230,2340,6700,60,660,250,160,1090,2210,40,10760,490,8810,9830,2470,12240,520,45160,4250,9610,12140,58190,13010,140,97350,90,1770,90,260,380,90,2670,6030,28280,290,430,230,80,200,240,35780,2840,550,3390,320660
1995-11-01,145610,47360,97970,8750,33660,2220,3920,2610,820,342930,108560,108370,55310,29720,12390,15980,12610,342930,9460,36330,63810,212620,1650,3570,15500,342930,44950,1470,3240,380,1840,1880,53770,37930,1960,1500,650,2740,10610,4560,3930,1790,680,680,2860,160,70070,3560,740,470,400,3170,8340,100,810,280,220,1440,2850,80,4940,500,9020,15020,1990,24370,410,56330,5360,9790,10800,63820,18980,80,108830,90,1470,110,350,550,20,2590,5860,27420,260,410,200,60,230,600,35050,3490,1140,4620,342930
1995-12-01,176570,58720,120020,8570,46800,4590,2860,3030,1100,422260,103850,128120,93680,57600,13800,15600,9620,422260,3070,22150,113190,261780,1540,3500,17030,422260,51270,2220,4400,150,3260,3030,64320,42770,1710,2010,840,3100,11900,3990,4880,1800,670,860,3700,130,78350,5650,590,520,670,4480,11910,150,820,420,350,1800,3550,50,6070,500,22090,8350,2900,40590,1040,81600,5310,15580,11290,75840,22720,140,130870,130,1900,70,290,1340,80,3820,7300,29470,610,750,420,120,180,470,39320,6220,1620,7840,422260
1996-01-01,141870,45160,92130,6440,24250,1830,2850,2200,490,317210,97510,87860,51350,29700,12180,15850,22760,317210,4290,27180,57800,187330,2650,19590,18360,317210,39420,3930,4550,240,1650,1820,51610,33170,1650,1580,610,2520,10580,3050,3650,1640,600,630,2210,70,61960,3090,470,270,90,2410,6330,90,810,280,300,1020,2500,40,4580,540,9560,5040,1760,8270,550,30340,3610,10510,12570,73300,26470,150,126610,90,1380,60,120,660,50,2360,6450,22060,820,820,270,100,100,450,31070,2710,1030,3740,317210
1996-02-01,171700,55570,108830,7980,39640,2690,2470,3210,600,392690,114170,132950,63340,33610,9930,13970,24700,392690,8080,31860,61550,247960,1970,24090,17170,392690,37330,2930,2850,480,1860,1330,46780,37970,1800,1580,690,2600,12470,3920,3780,2010,680,750,2390,200,70830,2650,510,300,320,2750,6530,80,820,270,120,930,2230,30,6510,400,24640,18380,2260,22600,1100,75930,3930,23320,24040,75340,14870,280,141790,70,1510,70,320,550,90,2610,6740,33250,640,460,190,80,160,340,41850,2850,790,3640,392690
1996-03-01,161280,51670,105400,7970,31010,2120,2660,2910,520,365550,108380,122620,68910,32370,8720,11300,13250,365550,9210,37530,68070,223120,1990,9060,16570,365550,55670,2010,2820,340,1960,2170,64970,37040,1660,1410,890,2630,13270,3600,3420,1670,520,760,1950,130,68940,2520,600,280,260,2160,5820,170,820,200,180,940,2310,60,7680,380,8910,9340,3090,14740,630,44830,4260,13020,16720,78690,19920,70,132690,100,1530,140,350,700,160,2970,5990,29670,400,530,170,60,170,340,37330,4140,970,5110,365550
1996-04-01,149170,42580,95560,6630,32270,1420,2440,2660,470,333200,105690,114760,56800,25130,9060,10280,11490,333200,13040,31980,63930,196700,2150,9330,16060,333200,58250,1470,3160,230,1820,1390,66310,28690,1640,1210,720,2130,9380,1850,2630,1260,720,490,1270,140,52130,1910,540,190,120,1960,4710,110,670,230,360,990,2360,50,16110,520,9060,11560,4440,16370,540,58650,4180,12170,14530,63370,14530,110,108890,120,1800,60,260,630,50,2930,4820,26040,400,470,180,80,180,370,32550,3330,800,4130,333200
1996-05-01,108580,33260,84920,5500,22550,880,3530,1730,570,261510,101920,81600,40150,16890,4910,8230,7830,261510,7800,32050,44550,157600,1360,4650,13510,261510,45000,1500,2870,280,1380,1280,52320,18030,880,530,330,1910,6110,1460,1660,710,260,230,640,140,32890,1660,280,160,50,1560,3710,150,510,190,150,700,1710,20,7510,270,7370,12990,3400,18770,810,51130,4420,8680,10620,52880,14120,120,90840,90,2270,60,190,420,40,3070,3010,18460,230,480,110,100,160,300,22860,2170,440,2610,261510
1996-06-01,124570,37570,106150,4520,26720,860,4540,1910,90,306930,99960,97710,55920,24530,10070,9940,8810,306930,9250,32170,56500,182720,1790,7190,17320,306930,63500,1230,3380,310,1420,1710,71550,17900,1680,670,510,1810,6340,1720,1530,1090,420,450,1490,20,35630,1980,530,210,50,1710,4490,150,740,160,320,970,2340,10,4260,380,17260,10200,2300,24430,510,59350,4190,11110,9450,58050,13280,120,96190,60,1980,80,350,390,60,2910,3090,26510,160,410,110,90,180,310,30860,2650,580,3220,306930
1996-07-01,145140,44630,123080,6540,28780,890,6090,2980,110,358230,102610,99120,73790,36970,9320,15200,21220,358230,10340,32350,59230,207880,2250,25930,20250,358230,68880,1330,4550,200,1340,2270,78560,20750,1210,1770,1270,4240,9470,3430,2940,1320,350,480,1460,210,48900,5020,1090,200,80,2040,8440,140,840,490,1590,1500,4570,40,6220,410,15700,8070,2440,11730,690,45300,4460,15750,13880,74240,20650,240,129230,100,1530,130,260,530,80,2630,4980,29080,330,730,200,40,150,320,35850,3450,760,4210,358230
1996-08-01,138650,34250,114960,5240,28950,890,4140,1820,330,329240,110210,108860,62830,23100,5800,8800,9650,329240,9130,32400,52810,208880,1690,6470,17850,329240,64580,1630,3070,260,1370,1250,72150,20120,1320,1350,620,3760,7140,2320,1780,930,480,370,850,160,41190,5060,1080,230,40,2310,8720,100,660,370,1130,1320,3580,20,5830,420,9480,10590,2020,13370,720,42460,4000,11610,11830,80720,18890,250,127300,90,1690,70,210,390,50,2490,3250,22210,420,360,70,80,220,610,27220,2820,830,3650,329240
1996-09-01,126370,36340,105140,5480,27540,910,4360,2810,200,309160,96940,99220,57140,24910,7890,12230,10830,309160,12330,32340,57660,182390,1720,6710,16010,309160,71670,1640,4220,260,1690,1810,81300,23870,1770,1110,600,2740,9630,3380,3420,1370,400,500,1510,110,50400,2890,590,310,110,1660,5560,110,880,320,380,820,2510,40,6830,330,8390,7900,2350,12310,520,38660,4400,8290,9400,64370,11540,110,98110,100,1850,70,140,510,50,2720,3720,20120,190,480,230,50,170,570,25530,3520,510,4020,309160
1996-10-01,150010,45360,101760,8750,34460,1390,5590,2760,290,350360,105910,112920,62460,30710,10300,13920,14150,350360,12480,38010,64920,205690,2250,8870,18140,350360,64270,1610,3580,200,1480,2340,73470,31940,2120,2040,1210,3840,14030,4910,4000,1650,700,650,2290,110,69490,3470,760,440,170,2570,7400,120,780,110,390,890,2290,30,10980,560,11400,9690,3010,14890,670,51240,4940,10000,12050,54520,20890,280,102690,70,1840,50,160,490,60,2670,5300,29520,460,750,210,80,220,450,36990,3130,740,3870,350360
1996-11-01,162720,52770,105530,7950,37270,2100,4430,2360,420,375570,114090,117970,63720,34020,13790,18580,13400,375570,12830,39680,74310,225030,2060,4850,16800,375570,53920,1920,3390,350,2020,2190,63770,45970,2750,2110,890,3110,12230,4620,4900,1840,760,1050,2720,160,83120,3680,990,610,180,3690,9140,80,920,210,250,910,2370,30,4730,490,9310,13370,2580,29300,620,60440,6450,10390,11900,55130,24720,210,108810,80,1570,30,180,560,30,2460,6300,30650,560,640,270,90,260,610,39370,4130,1450,5570,375570
1996-12-01,195580,63930,136260,10410,49430,2520,3480,2780,790,465180,116780,137990,103030,67070,14140,16610,9550,465180,4110,24400,119920,293080,1800,4310,17570,465180,49390,2270,5040,520,3260,3410,63890,52080,2340,2040,800,3660,14750,4560,5710,1840,750,880,4670,130,94210,6640,670,530,380,4990,13210,130,910,130,600,1940,3710,20,7680,650,23360,17280,3920,36040,1160,90100,5140,18340,12410,82490,27980,290,146650,80,2390,70,200,980,150,3870,7480,29310,740,930,410,160,250,510,39790,7740,1520,9260,465180
1997-01-01,149990,50180,97650,7880,29630,2820,2460,2220,60,342890,102300,89900,59640,33710,13720,17730,25890,342890,5450,28670,62700,199230,3210,23070,20560,342890,46230,3440,4790,150,1580,1930,58130,38110,2160,1840,750,3990,12580,4110,4180,1760,590,920,2300,140,73440,3770,600,350,190,3030,7930,120,890,380,240,900,2530,50,4670,430,10210,5050,2640,8630,550,32240,4850,10680,11890,67630,30760,120,125920,140,1940,50,230,460,90,2910,6380,25600,970,1230,360,200,130,520,35390,3040,870,3900,342890
1997-02-01,165760,66070,114790,8750,39350,3770,5050,3620,800,407960,122090,134540,63340,35410,9870,13950,28770,407960,6290,38430,61900,253580,1850,26850,19060,407960,42120,3030,2770,250,1590,2060,51830,43390,2050,1700,680,3820,13020,4030,3570,2150,550,900,2600,290,78770,3010,730,390,280,2880,7290,180,960,310,350,920,2710,20,5920,490,27890,20320,2640,19980,960,78220,4910,24780,18190,74060,18220,200,140360,100,2020,30,230,500,70,2960,6810,32200,670,570,170,30,200,330,40980,3260,1040,4300,407960
1997-03-01,166680,55990,113940,8730,35670,2280,3920,2990,700,390900,123840,123620,74450,32020,10180,13290,13500,390900,10300,37810,74470,236490,2310,10140,19380,390900,54160,1500,2900,90,1640,2640,62920,44750,2290,1330,750,2900,12650,3460,3550,1820,590,970,2020,130,77210,3030,680,330,270,2940,7250,180,910,370,410,1100,2970,30,7790,640,10530,9030,4780,17610,420,50810,5380,17280,14850,81950,22950,270,142690,150,2040,40,240,600,160,3230,6220,29600,520,640,220,130,240,400,37960,4430,800,5230,390900
1997-04-01,133760,45230,100650,6170,33000,1600,2830,2420,240,325900,118380,99560,52980,23250,8630,11080,12010,325900,8720,38020,60160,187490,2100,9650,19760,325900,56640,1270,2800,200,1430,1820,64150,27360,1630,990,580,2260,10160,2170,1970,980,370,540,1140,60,50200,2080,380,200,160,1930,4750,80,850,220,150,650,1940,90,14830,470,11060,10560,4690,14600,580,56870,5340,9650,12110,62350,19610,130,109190,60,1650,60,190,560,50,2580,4170,25540,250,440,140,100,160,410,31220,3600,1090,4690,325900
1997-05-01,123190,34860,94510,4590,25000,770,4390,1680,110,289100,118260,89420,42400,16170,5680,8570,8590,289100,9580,38230,45690,169950,1710,5110,18820,289100,48400,1730,3950,530,1390,1700,57710,18480,1370,870,380,1910,6190,1780,1270,680,360,320,930,80,34630,2190,460,220,160,2040,5070,90,700,150,300,660,1900,60,8070,570,8710,17680,4390,16830,680,56980,5910,8910,12400,54140,18130,140,99640,150,3080,60,260,310,60,3920,3280,20460,440,560,200,110,160,270,25480,2680,870,3550,289100
1997-06-01,125130,38440,104980,4270,28530,870,3980,1620,340,308180,103910,93250,55490,25920,9640,10800,9160,308180,13790,33830,55150,176850,2640,8000,17920,308180,55490,1290,3220,180,1210,2450,63830,19320,1890,980,690,2610,5530,1950,1760,920,420,620,1570,60,38320,2770,690,340,160,2410,6370,110,630,450,550,1180,2920,90,3770,570,17200,8820,2680,30350,530,64000,4640,9220,11450,50780,16070,110,92270,140,2360,50,430,360,110,3430,3530,27060,560,670,130,220,260,370,32800,3350,660,4010,308180
1997-07-01,153290,64890,130500,7000,30820,1740,5590,3020,520,397360,117060,108340,79920,40530,10780,16960,23760,397360,11590,36300,65250,227840,2430,29450,24500,397360,80290,1550,4270,210,1140,2370,89820,22670,1760,1800,1080,4860,9160,3620,2790,1170,370,760,1530,270,51840,5080,1130,270,130,2830,9460,150,1110,620,1310,1830,5020,80,5040,740,22120,10460,2870,13470,850,55620,4590,14880,17140,78960,22100,280,137950,210,2030,110,310,450,110,3220,5330,32760,340,830,150,140,280,380,40210,3080,830,3910,397360
1997-08-01,130430,38770,117370,7470,26780,1230,5030,2830,540,330430,109860,106610,63570,21940,6760,10400,11300,330430,7950,36720,53830,202510,2470,7550,19400,330430,59380,1090,3180,280,1340,1540,66820,22400,1730,1290,610,3840,8560,1820,1870,930,480,420,840,260,45050,5640,1200,270,150,2060,9310,180,900,350,1050,1640,4110,130,3030,610,9350,10740,2860,12930,750,40390,5160,10430,12580,80110,18960,350,127590,100,1710,50,200,350,50,2470,3820,24590,270,480,130,140,210,480,30120,3340,990,4320,330430
1997-09-01,134300,41430,109140,6060,31640,870,5250,2150,90,330940,109570,101290,59650,25260,7720,13460,13990,330940,11220,37150,62490,189070,2390,6680,21940,330940,65580,1750,3650,270,1640,2950,75850,29000,2060,1090,760,2910,9770,3920,3550,1240,450,730,1470,130,57080,3500,960,290,120,2200,7070,170,850,120,310,900,2350,110,2580,390,8870,13320,3630,17550,360,46820,4880,9910,9810,68580,12420,140,105740,110,1870,50,200,470,50,2750,4450,22620,300,550,170,140,200,450,28890,3470,710,4180,330940
1997-10-01,149050,49080,112060,8630,37810,1700,5290,2730,120,366480,113350,114750,64690,30880,11250,15640,15920,366480,11720,39420,69320,211970,2500,9220,22330,366480,64700,1360,3640,320,1520,2690,74230,38680,2790,2760,1180,3510,13520,4890,3530,1620,770,930,2730,110,77010,3630,860,410,200,2820,7910,120,1030,230,430,960,2770,130,4270,740,10770,12260,3020,19060,590,50840,6230,11680,11850,58470,21850,150,110230,40,2550,40,270,550,70,3520,5380,28200,300,570,140,120,210,360,35270,3360,880,4240,366480
1997-11-01,156030,53540,112660,9140,37840,2090,5140,2530,500,379460,123120,114450,64870,32120,12830,17920,14130,379460,12530,43320,74340,220320,2850,4230,21870,379460,52260,1930,4220,240,2160,2490,63310,47150,2680,2600,890,3270,12700,4860,4840,1850,940,1070,2390,180,85410,3930,800,580,330,3980,9620,220,860,140,240,1380,2840,140,2830,610,10830,11720,3180,28480,710,58510,7150,9130,10770,61780,22650,230,111710,160,2480,50,220,440,100,3440,7380,28860,370,680,300,160,280,550,38590,4550,1100,5640,379460
1997-12-01,182330,68380,123150,12970,49370,4440,3750,3490,410,448280,101510,127450,112640,65390,15400,16030,9870,448280,3500,28190,132290,259200,2110,3560,19420,448280,60400,1840,4580,550,3370,3270,74010,59320,2890,2300,890,4120,15030,5420,5730,1870,870,1260,4510,130,104350,7210,890,580,560,5130,14370,120,910,340,490,1450,3310,90,5780,830,12840,13720,3690,39800,1100,77850,6810,15170,10210,75080,10090,240,117590,130,2410,100,260,970,170,4040,8020,32090,620,1100,380,210,240,530,43190,7030,1960,8990,448280
1998-01-01,144010,51310,99540,7580,34480,3070,3200,2810,220,346230,92330,105800,64110,33410,12880,14980,22710,346230,4450,30550,66590,198470,3030,17800,25340,346230,42310,4100,4700,310,2150,2010,55570,41760,2450,1630,720,3570,12120,4620,4130,1860,600,880,2570,180,77080,4130,850,280,350,3710,9310,110,950,320,310,850,2550,230,3210,600,10100,8470,2530,16980,740,42870,6710,15050,14940,68330,5640,260,110920,130,1970,90,210,670,140,3210,7340,28570,1070,1460,340,260,210,480,39730,3200,1200,4400,346230
1998-02-01,152600,59930,87660,9560,32550,4790,3240,3150,130,353610,100150,96180,61890,35780,10700,16050,32860,353610,6690,40520,66320,188220,2730,30320,18810,353610,38060,3540,2710,330,1720,2010,48370,53960,2540,1840,730,3470,13990,4560,3810,2330,610,1260,3040,130,92260,3580,690,420,210,3180,8080,110,1000,180,430,1170,2890,140,3720,800,8230,9140,2530,13600,590,38760,6440,11550,16270,69160,4310,170,107900,160,2160,60,280,470,110,3240,7060,37590,680,570,450,120,240,300,47010,3710,980,4690,353610
1998-03-01,142460,55750,90620,8060,33270,2430,2590,3080,290,338560,101320,100070,68790,34860,9210,12630,11670,338560,8760,44580,73880,182330,1900,7640,19470,338560,47820,1590,2350,400,1610,2090,55860,47410,2980,1420,680,2920,13420,3540,3180,1860,600,1210,2040,150,81410,3210,610,320,170,2450,6760,220,1000,290,430,1050,2980,110,2960,770,4650,6160,2910,18930,810,37290,6510,11810,10200,67990,3640,310,100450,120,2230,50,290,410,70,3160,7170,35020,610,790,200,160,270,460,44670,4270,1330,5600,338560
1998-04-01,145130,48300,100920,7680,32150,1080,2620,2810,380,341080,104420,110870,65310,27290,9170,11990,12030,341080,7560,35480,78490,189410,2440,8360,19340,341080,60450,1620,4210,420,1890,2100,70680,37150,2010,970,720,2550,9890,2790,2370,1190,310,750,1430,80,62220,1990,410,190,140,1880,4610,70,900,240,340,800,2350,120,6000,780,7650,9820,4400,21910,820,51490,5550,15830,12640,63970,3850,150,102000,110,2330,60,250,710,50,3510,5450,31550,330,410,180,110,290,330,38640,4360,990,5350,341080
1998-05-01,114700,38420,90830,4930,28270,960,3520,1590,170,283400,105070,87390,44810,19830,6800,10400,9090,283400,8710,39530,52340,159070,2340,4900,16510,283400,56380,1700,2750,380,1250,1900,64360,22740,1620,630,450,1910,6290,1980,1820,850,200,420,830,40,39780,1950,350,150,290,1360,4090,60,560,200,220,750,1790,60,3410,580,8480,11980,3750,20360,850,49460,6460,8400,11940,55420,3840,90,86140,80,3470,90,210,420,120,4390,3530,24440,230,470,160,40,190,290,29340,3040,770,3810,283400
1998-06-01,117010,40240,108740,3650,27400,1000,3630,2020,50,304190,101220,88180,56680,26770,10060,11230,10040,304190,5200,34440,59380,175110,1970,7420,20670,304190,68120,1340,3120,270,1190,1710,75750,22850,2360,510,460,2110,5760,1680,1600,840,390,600,1160,190,40520,2480,410,310,140,1640,4970,90,550,370,630,830,2480,80,2050,550,6150,7040,2030,33790,630,52320,5480,10480,16440,49130,3870,280,85670,170,2870,60,280,370,90,3840,3420,29400,330,430,80,200,150,170,34180,2990,710,3700,304190
1998-07-01,152430,56030,117250,5430,31070,550,6020,2360,80,372300,90350,114110,83090,37740,10200,15310,21510,372300,10530,32780,62270,183910,3480,25460,53870,372300,78550,1540,4680,180,1580,3440,89970,28670,2200,1800,1020,5300,8480,4400,3310,1250,430,830,1640,180,59500,5000,1290,320,250,2350,9200,80,950,460,2690,3270,7450,60,4180,820,8960,8740,2480,14380,980,40600,7950,14730,16480,66670,5920,300,112040,330,2040,110,280,530,110,3400,5830,34660,570,820,240,100,230,750,43200,5390,1050,6440,372300
1998-08-01,134250,37190,109970,6130,27450,990,5110,1630,80,323680,92760,110060,69620,24080,6140,10130,10880,323680,7450,34010,51160,168490,3740,7660,51160,323680,66560,1300,3010,270,1140,2430,74710,23780,2030,1500,680,4170,8820,2650,2160,730,240,430,1150,140,48450,6660,1560,280,170,2370,11060,60,760,260,1870,2360,5300,180,3160,710,6460,7360,2240,14140,530,34790,6340,10590,13320,74580,5370,320,110520,120,1610,70,190,460,40,2490,4380,25110,380,390,170,70,160,380,31040,3730,1140,4870,323680
1998-09-01,130130,48670,100840,5640,28810,900,5580,2530,60,323860,93940,110050,59490,24360,8000,13570,14450,323860,11080,28620,51120,130290,3280,6040,93440,323860,67150,1560,3900,320,1630,3980,78530,25860,3600,1260,940,3840,8910,4330,3740,1430,470,950,2080,140,57560,3870,1110,480,280,2980,8720,130,1100,240,750,1460,3670,110,5660,730,6820,13020,2640,15940,560,45490,5250,9150,7830,59630,6350,210,88430,230,2560,50,210,630,280,3970,5040,22810,600,820,340,140,220,400,30390,5540,960,6500,323860
1998-10-01,142370,56360,103140,6980,35710,1840,5610,1670,60,354750,96090,118890,69020,30440,11150,14140,15030,354750,15770,41040,69650,186780,3990,9450,28080,354750,70510,1680,3770,460,2680,2830,81950,38390,2410,1670,1090,3880,13480,5750,4100,1980,780,1030,3030,190,77780,4180,1210,480,310,3390,9570,70,1020,280,410,1100,2880,80,4910,630,8210,8210,3010,15970,960,41970,6460,11270,9230,52800,5970,300,86020,220,2790,120,220,470,120,3950,6350,35060,420,670,240,100,260,530,43630,5230,1290,6510,354750
1998-11-01,150000,59560,101040,9310,38800,1930,3780,2420,40,367910,101460,115020,71150,34360,15030,17240,13650,367910,11480,42160,81320,199600,3610,4950,24780,367910,53540,1510,3690,360,2570,2500,64180,55770,3170,1710,910,4390,12670,5170,4450,1820,780,900,2810,190,94740,3920,1280,720,260,4230,10410,60,940,230,720,900,2860,90,2880,800,6000,9520,2990,24790,620,47670,6420,10060,10230,58160,8220,240,93330,110,2490,80,310,560,150,3690,7310,33600,510,590,210,120,300,570,43200,6110,1340,7450,367910
1998-12-01,185430,76160,122590,13180,47400,3880,4380,3230,20,457640,92100,132650,126140,63930,15060,16680,11080,457640,3960,26640,129920,256890,3490,4780,31970,457640,59960,2190,6020,530,3260,5140,77090,69210,3650,1980,1030,4860,13550,5510,5660,2060,840,1300,5050,250,114950,6870,820,580,420,5700,14390,110,1230,460,1360,1640,4810,180,6980,860,11330,12630,3870,36290,1330,73470,6990,14500,10420,65290,9660,410,107270,240,2870,120,240,1120,160,4750,8820,36100,840,1220,310,230,330,720,48570,9340,2280,11620,457640
1999-01-01,143420,56450,99240,8660,33950,2840,3400,2170,70,350980,87510,105840,64720,34630,13620,18920,25740,350980,4650,31760,69270,186890,5300,21890,31210,350980,47130,4300,5250,470,1600,2350,61100,47880,2920,1710,890,4030,12230,4580,4720,1880,780,950,2700,140,85410,3660,830,300,270,3390,8450,90,1070,470,980,980,3580,110,3170,620,13250,7460,2460,9780,460,37320,6700,8680,12170,60620,12030,270,100470,140,2110,40,250,910,110,3560,8060,32570,1630,1460,380,210,240,550,45110,4090,1200,5280,350980
1999-02-01,168570,65440,101990,10360,41510,2710,4010,2970,70,398570,106200,127150,72130,35180,11420,15950,30540,398570,6720,38850,66560,226640,3760,29320,26710,398570,40020,3000,2410,310,2090,2530,50380,55360,3390,1550,870,4310,15750,4800,3730,2150,700,1360,3550,140,97650,3560,660,580,290,3890,8980,70,1190,350,630,1110,3360,70,4070,800,9060,15970,2740,21730,860,55300,9660,20600,17640,61810,7780,430,117910,170,2620,90,340,730,220,4170,9340,41550,830,610,330,120,240,330,53360,5290,1550,6840,398570
1999-03-01,164200,63520,104610,8530,38090,2310,3510,3090,70,389020,107060,126210,84540,34410,10090,13060,13650,389020,9150,40280,82060,219680,3420,8370,26050,389020,55870,1470,2900,550,1970,2600,65360,57010,3700,1280,600,3440,12460,4150,3700,1730,650,1250,2360,110,92450,3080,800,450,300,2750,7370,100,1310,450,860,1320,4040,140,4260,1160,7900,9840,4150,21150,850,49460,6400,11630,10610,71420,6690,250,107000,370,2530,100,370,620,90,4090,8050,39740,930,590,230,120,240,680,50570,6760,1480,8240,389020
1999-04-01,143260,47940,95870,7190,32380,1420,2810,2360,110,334130,99200,116040,61920,22730,7980,13290,12990,334130,13610,34540,63050,184200,3520,9440,25770,334130,59370,1780,4790,560,2020,2720,71250,33780,2290,1070,580,3300,9410,3080,2580,1090,410,590,1550,170,59890,2990,1040,240,150,2280,6700,80,1060,300,450,1350,3230,100,12130,680,6660,10590,5060,15300,740,51260,6160,10040,14360,56440,6870,170,94040,120,2730,50,200,660,90,3850,4930,31060,660,450,170,190,310,390,38170,4450,850,5310,334130
1999-05-01,118190,40910,96570,6670,27520,1270,4260,1850,60,298130,102240,99880,48880,19300,7200,10460,10160,298130,9500,42300,51020,160780,3030,6620,24890,298130,52540,2060,3650,430,1800,2150,62640,24130,1700,650,270,2330,6860,2460,1620,800,340,340,870,110,42480,2170,710,150,190,1690,4910,90,630,220,370,650,1960,90,5200,610,10530,16680,4300,19870,600,57880,7110,7490,13070,52310,6910,180,87070,130,4270,70,130,430,110,5140,3890,25790,620,470,190,70,200,340,31580,3640,530,4160,298130
1999-06-01,118770,43700,110800,6750,28140,850,4440,2400,200,317060,97940,101800,60650,24280,10770,10690,10920,317060,4960,33820,59860,177990,3840,9670,26910,317060,67660,1440,4240,430,1580,2520,77870,23240,3060,620,560,2330,7200,1900,1720,820,420,710,1280,30,43910,2560,830,340,110,1920,5770,70,680,390,910,1000,3040,60,2920,810,5250,8120,2460,35180,550,55340,6130,9900,11930,46110,6640,350,81050,240,2700,70,310,380,50,3750,3490,35630,490,410,140,160,240,690,41260,3840,780,4620,317060
1999-07-01,154400,53990,125830,8550,33110,1060,7990,3530,20,388460,85290,118470,91580,41660,11620,15560,24260,388460,10620,35720,67640,205830,4200,29290,35140,388460,67620,1410,5820,530,1780,2820,79970,35240,3350,1880,1180,6380,9600,4850,3700,1660,460,1320,1990,120,71730,4940,1620,360,210,2350,9480,90,1070,590,4270,4030,10050,180,5260,630,9120,9750,2780,17070,740,45530,8700,15420,17590,63590,9380,280,114960,340,2900,100,200,610,160,4320,5590,37760,690,730,190,140,560,420,46080,4540,1110,5650,388460
1999-08-01,146360,42860,118290,7090,33000,1020,5150,1850,0,355610,106520,116800,76800,26060,6770,11440,11220,355610,9260,37990,56710,212200,3610,7520,28320,355610,72830,1850,2640,310,2190,1700,81520,33420,2650,1380,660,4460,9080,3370,2230,940,430,450,1060,260,60400,7290,1650,250,230,2240,11660,110,1040,470,2540,3100,7260,70,3880,540,6030,10040,3050,16910,560,41090,7180,10780,12290,69820,8350,330,108750,330,2090,50,170,600,140,3380,4550,30120,350,510,160,90,140,430,36350,3940,620,4560,355610
1999-09-01,141040,45410,112130,7780,36070,1300,6380,2950,70,353130,102720,112760,71730,28290,8920,14430,14290,353130,11470,36580,66990,197950,3670,7510,28970,353130,75290,1690,4370,570,1860,2420,86210,39280,3420,1290,740,3450,10880,4960,4010,1580,460,1000,1750,110,72920,4190,1370,400,200,3160,9320,110,980,120,450,1420,3090,150,3430,560,5250,13620,2940,21590,570,48100,6930,10720,10080,54660,6830,190,89410,160,2420,40,180,480,40,3330,5120,27120,490,670,230,110,260,750,34750,4550,850,5400,353130
1999-10-01,153580,64960,114680,11860,40540,1260,7370,2700,20,396980,105260,123130,83270,37830,12090,16660,18740,396980,12150,37920,76970,221780,3420,10810,33940,396980,71840,1860,4710,560,2610,3050,84640,54300,5010,1830,1160,4320,17490,6970,5290,2080,1010,1200,2970,180,103820,4150,1040,680,290,3550,9710,110,940,190,510,1120,2880,40,7380,690,5370,10560,3330,18700,460,46540,9500,10660,7830,54510,10090,230,92820,150,3130,60,200,570,70,4180,7250,36370,800,620,250,140,400,690,46500,4340,990,5320,396980
1999-11-01,177560,60860,112260,10380,45770,2180,4580,3040,30,416670,121650,128290,77060,34180,15540,21920,18020,416670,11380,44230,83620,236990,3870,5800,30770,416670,60380,2000,3710,440,2810,2900,72240,67640,4600,1800,980,5110,14910,5820,5310,1730,890,990,3780,330,113880,4390,1370,690,360,4570,11380,120,1180,170,490,1300,3250,60,4260,730,3820,12490,3270,34330,790,59750,8990,10360,9880,57760,12380,210,99580,190,2890,80,200,790,60,4220,8410,34240,570,710,190,100,320,380,44920,5300,1370,6670,416670
1999-12-01,199780,71350,117590,15770,44350,3330,4930,3450,230,460780,95500,126610,116400,71010,17980,18790,14490,460780,3600,26960,120680,271780,2940,6490,28320,460780,58240,2150,5940,330,3600,3200,73450,57160,4360,2290,1890,5680,18630,5340,6480,2020,1200,1750,5590,260,112630,8450,870,680,670,6900,17580,200,1320,540,1790,2300,6140,110,5890,1090,8750,14660,3730,35350,900,70480,9130,13280,10060,58430,14680,140,105710,290,3250,80,500,1350,220,5680,9700,45090,720,1300,370,290,600,900,58960,7210,2030,9240,460780
2000-01-01,155900,60170,88620,9740,36980,2880,3270,3240,0,360800,95070,98040,71910,35260,14070,17780,28680,360800,6500,29620,66130,195370,4720,22870,35590,360800,47780,3820,4190,490,2050,2370,60690,46430,3450,1900,910,5000,14120,4960,5250,2040,930,1330,4000,120,90430,4430,650,490,340,4130,10030,90,1170,460,500,1680,3910,180,3830,820,10000,8880,2740,10370,800,37630,8860,10860,10100,50260,19760,260,100100,300,2640,60,170,970,80,4220,8220,34840,2040,1450,220,240,410,510,47920,3720,1530,5250,360800
2000-02-01,190020,70240,107660,11400,41690,5620,4660,3280,30,434590,120950,129280,79060,38780,12100,18580,35850,434590,8430,41700,74280,241430,3530,33240,31990,434590,45000,2540,3060,400,2050,2040,55090,60090,3690,1910,930,4980,14730,6050,4570,2340,800,2140,4120,220,106560,4780,1090,490,260,3590,10220,80,1350,250,660,1380,3720,170,4830,1020,9380,17960,2680,24620,980,61650,13970,20790,16350,68460,12710,370,132640,290,2980,120,280,770,320,4750,8600,41630,950,640,330,190,330,630,53310,4540,1430,5970,434590
2000-03-01,174210,70440,104280,12370,38910,2400,5990,3160,90,411860,128710,130740,79620,31970,9860,16780,14170,411860,10390,45380,76300,235190,3750,9140,31700,411860,61740,1790,3140,360,2150,2630,71800,55430,3890,1560,940,3880,13090,4840,3820,1880,810,1190,3230,160,94710,3530,850,480,270,3550,8670,80,1230,270,570,1200,3350,100,6230,790,6660,12250,3210,23700,1040,53980,7330,10820,10220,73330,12240,240,114170,340,2990,100,230,580,110,4350,8240,42380,890,880,270,190,290,330,53470,5550,1160,6710,411860
2000-04-01,177090,57450,113620,11710,35310,2110,4740,3530,60,405620,113080,135800,89960,27860,9070,15280,14570,405620,11100,38330,87740,221680,3900,9840,33030,405620,78080,1810,3480,410,2800,3210,89800,52380,3210,1240,850,3970,10600,3600,3030,1200,540,1120,1940,100,83770,2570,820,310,220,2850,6770,80,1130,210,300,1040,2750,150,13050,820,6520,12530,5340,21240,1220,60860,7880,15260,13950,54670,13170,240,105170,160,3550,70,190,980,100,5050,5640,34710,620,810,250,180,540,520,43270,6190,1560,7750,405620
2000-05-01,137840,44090,95140,6550,27370,1020,4840,2400,100,319350,113480,99020,52500,19870,8540,13040,12890,319350,11590,44660,57480,166130,3490,9100,26910,319350,60310,1880,2940,400,2040,2600,70160,27220,2310,920,440,3140,7540,2480,2390,750,350,530,1050,80,49220,2530,810,240,230,2330,6140,70,760,170,490,700,2200,80,6380,450,4810,14930,3690,21040,820,52200,8960,9410,10200,51330,10150,180,90220,220,6070,70,150,510,80,7100,4410,30250,500,740,220,130,230,540,37020,3370,1160,4530,319350
2000-06-01,137230,44130,115840,9140,30360,950,6490,3710,100,347940,106000,111080,64670,26630,11600,13010,14950,347940,9760,39780,69630,184170,3240,11530,29830,347940,74000,1580,4260,220,1050,1860,82980,25790,4000,730,450,3150,6500,2210,2150,1000,530,1050,1510,180,49250,3170,710,340,270,2630,7120,100,560,320,1110,1310,3400,90,3580,690,7420,9130,2730,32120,860,56620,7590,10690,12360,48690,9610,290,89220,170,3690,80,180,570,140,4830,4170,42360,370,730,120,140,260,370,48510,4410,990,5390,347940
2000-07-01,177050,60560,129700,10230,36640,1240,8530,5000,80,429030,102460,126920,98090,42860,12270,18530,27890,429030,12930,42970,76530,214190,4530,34570,43300,429030,82400,1750,4500,490,1120,3110,93370,38660,3560,1650,1170,6250,9820,5360,3490,1590,490,1530,1980,130,75680,6010,1500,440,230,2920,11100,130,950,610,3500,3900,9080,210,5700,700,10550,10220,3170,16360,1970,48880,12470,16690,16900,62880,15640,290,124860,380,3350,100,330,710,150,5010,6690,43840,440,1210,200,230,600,640,53830,4950,1430,6380,429030
2000-08-01,154200,54180,117080,7250,30580,1480,5240,2590,260,372850,105550,121000,76160,29620,9820,13940,16760,372850,8750,39910,70280,205540,5170,8280,34930,372850,73270,1750,2960,650,1170,2830,82630,33000,3120,1240,720,5450,8220,3620,2350,1010,510,690,1550,330,61790,6880,1800,500,340,3100,12610,200,790,540,3140,3380,8040,40,4130,550,5100,11190,2970,14940,1300,40220,9920,10870,11810,69680,11640,260,114170,190,2720,50,260,790,90,4110,5430,33130,520,1080,280,180,310,720,41650,3750,1580,5320,372850
2000-09-01,222370,47200,90230,5880,26930,1150,3660,5430,120,402970,93820,127910,100950,38670,9660,15740,16220,402970,12810,41510,61460,204850,6420,11530,64380,402970,73370,1450,4160,640,1890,2520,84040,35570,3980,1160,1300,5950,14260,5710,4710,2170,1430,1910,3310,250,81710,5680,3120,1230,2130,9580,21730,290,1210,340,590,2270,4690,80,4030,540,6090,9860,3310,16130,850,40890,7830,9970,7150,49570,10220,360,85100,300,2920,100,290,880,1040,5540,8150,54860,820,2110,430,290,1460,2760,70880,4670,2480,7150,402970
2000-10-01,184950,69020,115220,8620,36480,2900,5780,3440,100,426510,113720,133310,91300,36710,12650,18350,20480,426510,17380,45800,83230,221080,4190,14650,40180,426510,74420,2040,3340,650,1880,2270,84600,52630,4460,2060,1560,5290,15460,8210,4740,2400,1120,1590,3830,180,103540,5660,2110,730,610,4840,13950,290,1370,210,540,1620,4020,100,8930,780,8360,11080,3320,22420,1080,56070,9950,11600,8500,54220,10800,360,95420,250,3680,140,120,710,180,5080,8020,42570,900,1220,270,230,760,820,54780,5840,1320,7170,426510
2000-11-01,194410,78130,120840,8660,46240,3020,4910,3030,660,459910,137490,147440,89570,34370,12710,19920,18400,459910,17460,46620,92200,255250,4120,7770,36500,459910,72540,2140,3420,660,2010,3060,83830,61580,4720,1950,1130,5250,14600,6980,5060,2130,840,1350,4060,170,109830,4630,1720,800,450,5180,12790,80,1300,110,660,1420,3560,70,5010,610,5600,15090,3130,37530,600,67630,10930,12180,8810,68880,14450,320,115570,270,2860,80,180,750,190,4320,9560,40920,760,940,310,190,360,810,53840,5320,1370,6690,459910
2000-12-01,237720,89380,135500,16660,65620,5900,4280,4660,230,559930,115150,160870,158840,73580,18010,18990,14490,559930,8950,28220,162660,312220,3320,7760,36810,559930,74120,2720,5020,1090,2950,4670,90580,91660,6050,2250,1400,5020,14320,7230,6290,2170,1100,2150,6200,340,146180,8060,1170,730,830,5730,16520,120,1300,880,1390,2400,6100,70,7050,1050,17620,18960,2890,45260,1960,94860,14570,14960,8000,69010,17000,360,123900,440,4000,90,130,1240,160,6060,11160,46630,770,1580,340,300,680,990,62450,7200,2120,9330,559930
2001-01-01,176100,67650,107960,10460,43130,3110,4480,3540,170,416600,107100,126320,78290,38240,15440,19960,31260,416600,6090,31650,81190,226670,5540,26570,38900,416600,50600,4880,4270,380,1920,2350,64410,56910,4550,1640,760,3700,13050,5000,5190,1960,680,1600,3600,170,98810,4070,1010,550,520,4110,10260,70,1200,190,620,1430,3510,110,5550,890,7840,11380,1930,19020,860,47590,21470,16970,11150,58690,20890,260,129440,260,3470,140,210,830,110,5030,9670,35700,1630,1710,390,280,290,520,50170,3520,1510,5020,416600
2001-02-01,184340,79620,98480,10270,43180,3990,4870,4350,100,429200,114340,119530,83240,38650,12290,21750,39400,429200,9060,43240,80470,218260,4600,39980,33590,429200,49540,3150,2700,360,2410,2210,60370,69470,4180,1890,860,4840,17860,6410,4400,2380,740,2340,4280,170,119830,3860,870,490,500,3620,9340,140,1450,170,530,1350,3640,80,4900,1060,9660,12050,2270,17080,1130,48230,13420,11360,9840,64790,14800,180,114380,350,3930,130,280,870,90,5650,10580,45090,920,980,370,260,350,880,59430,4210,1590,5810,429200
2001-03-01,174370,73280,113590,10480,43670,3500,5740,3740,390,428750,126370,138210,84780,35620,10920,16090,16760,428750,13460,42100,90260,233250,3890,13460,32340,428750,62350,2080,2550,440,1810,2620,71850,58510,4500,1350,810,3770,14150,4850,4380,1650,600,1450,2700,330,99050,3060,730,410,350,2820,7370,190,1520,300,910,1180,4110,110,7320,920,8010,11490,2940,23880,980,55640,10390,14080,8810,70170,13030,210,116690,450,3770,120,300,680,150,5490,10280,45910,1150,1250,400,140,390,780,60290,5700,1180,6870,428750
2001-04-01,164850,64350,115840,9920,37140,2590,5960,4430,320,405380,114800,141180,83530,28250,9340,13900,14370,405380,12230,35970,90930,217510,3490,13620,31620,405380,74960,1630,4260,520,1880,2460,85710,46080,3550,1020,650,3440,11000,3540,2790,1120,450,1300,1870,120,76930,2350,620,220,400,2190,5770,60,1180,300,790,1040,3370,110,14260,650,7970,11160,4300,22000,1360,61800,12660,15610,10080,58700,13040,190,110280,170,4050,90,310,1040,60,5720,6940,35910,640,920,210,170,390,730,45910,4570,1960,6540,405380
2001-05-01,139860,49100,98830,5620,26230,1250,5690,3020,590,330180,112870,111960,55530,19310,7240,11290,11990,330180,13110,38820,61450,176540,3240,7700,29310,330180,63450,1820,2870,340,1770,2380,72640,25470,2210,560,370,2570,7570,2530,2090,610,410,580,1040,60,46060,1870,730,200,380,1810,4980,20,800,200,690,880,2590,90,6990,520,4590,17080,2790,24470,910,57440,11320,8080,10210,48540,12040,440,90630,200,6620,70,180,500,120,7680,5480,34490,340,890,290,140,460,300,42390,2490,1100,3590,330180
2001-06-01,142210,48880,133220,6520,29530,1490,5400,2450,310,370020,109970,116290,79320,28800,10550,12770,12310,370020,8800,33280,69910,207230,3190,15760,31840,370020,77420,2250,3190,270,1430,2350,86910,35900,4840,770,500,2700,7230,2460,2060,1010,390,970,1450,70,60330,2500,640,390,360,2550,6430,70,730,620,1010,1440,3880,90,4020,690,6880,8880,2030,34250,570,57420,8530,11770,13080,49070,11050,410,93910,270,4250,50,300,490,50,5400,4190,43080,320,770,150,160,330,420,49410,3610,1030,4640,370020
2001-07-01,173030,74260,139450,11710,33050,1780,8220,5360,10,446880,96470,135640,108840,47270,11000,18190,29480,446880,14740,37060,70290,212160,4900,42220,65510,446880,74470,1520,3530,360,1710,2500,84090,46770,4100,2110,1300,6750,12580,5350,3500,1660,720,1850,2160,240,89100,5260,1800,570,310,3000,10940,230,1060,860,3480,4400,10040,90,7270,950,10560,12100,2480,22740,1450,57630,15990,17310,11670,62930,16450,240,124590,370,4020,80,350,760,110,5690,6900,47620,700,1120,250,260,570,650,58090,4520,1800,6320,446880
2001-08-01,154450,53730,125410,6930,31960,1490,6660,3890,80,384590,116170,125200,83130,25430,7420,12020,15220,384590,8300,38810,59800,194860,4690,11730,66400,384590,74500,1640,3050,660,2130,1850,83830,35310,3070,1180,670,4440,9580,2940,2070,780,380,660,1190,170,62440,6230,1700,410,290,2180,10820,170,1010,400,2510,3210,7290,160,5490,540,5270,11060,2010,21600,1350,47490,13440,12180,8710,74350,12250,270,121210,310,2930,60,180,450,100,4030,5270,33550,290,620,280,210,320,610,41150,4550,1510,6060,384590
2001-09-01,142230,53640,114220,7850,35580,1810,7200,3600,170,366290,96840,122650,73580,27500,10020,17630,18090,366290,16840,30620,65710,173590,5530,10510,63490,366290,84100,2340,3710,390,1760,2190,94480,39790,4350,1320,920,3300,11870,4810,4190,1450,420,1220,1970,120,75720,3280,1040,580,230,2850,7980,250,1360,270,550,1380,3810,110,5290,790,5950,15430,2310,21050,1110,52040,11480,10590,6270,49590,10490,160,88580,210,3710,70,230,630,190,5050,5320,24060,480,820,310,160,220,620,31990,4920,1220,6140,366290
2001-10-01,149080,67080,102350,9310,38230,2480,7060,2890,0,378470,94770,119390,80530,33370,12680,16440,21280,378470,14070,38520,64210,176250,6780,13350,65290,378470,70840,1960,2630,380,2000,1950,79760,53160,4980,2090,1170,4320,15980,6400,4480,2060,790,1380,2860,130,99820,3170,1200,770,140,2610,7890,230,1300,200,620,1310,3650,260,7330,730,8380,9730,2440,22420,1620,52910,13080,10770,6720,40530,12060,170,83340,310,3740,130,110,560,110,4970,7630,29830,470,780,390,110,270,520,40010,4540,1120,5660,378470
2001-11-01,154330,66640,97160,9240,37840,3140,4910,2920,10,376190,101390,112400,77400,33190,14800,19820,17190,376190,11020,37730,72340,188780,5030,6950,54330,376190,63180,2330,2750,330,2220,2290,73100,57250,4720,1920,990,4630,13050,5690,4730,1680,900,1220,3140,190,100110,3030,1070,920,340,3380,8750,210,1440,240,700,910,3490,50,4410,710,4930,11500,1950,28930,1410,53880,12260,9900,5870,41110,14870,130,84130,110,3320,120,60,480,40,4130,8600,30860,440,680,350,90,360,660,42020,4960,1280,6230,376190
2001-12-01,224380,91620,124000,13860,55710,5090,4120,4390,30,523190,109760,141110,149310,73090,16930,18290,14700,523190,7910,26670,135800,259170,5910,7780,79950,523190,69470,3110,3440,440,3480,2800,82730,92580,6520,2090,1460,5570,13690,6530,6340,1980,770,2000,5390,310,145240,4630,1010,950,590,5150,12340,280,1510,340,1560,2060,5750,150,7120,850,17840,17550,2960,38560,1940,86970,13900,15530,7670,55100,24630,250,117080,240,4390,70,150,1000,60,5910,12290,40350,490,1070,390,220,730,1060,56590,7350,2400,9750,523190
2002-01-01,158330,71520,90590,9260,36020,5090,4520,3950,10,379290,98260,99790,72560,36810,15620,22600,33650,379290,4910,30370,65220,172640,9030,29120,68000,379290,48060,5280,3370,470,1600,2140,60920,61100,4130,1850,910,4040,11060,4740,4580,2000,530,1640,3300,290,100180,2870,650,750,460,3510,8230,240,1310,130,910,1190,3780,80,4770,720,6150,7020,1750,13960,1250,35700,15400,9620,9530,51490,22480,140,108660,210,3040,90,120,620,60,4140,11210,37590,750,1160,550,230,220,510,52230,3130,1810,4940,379290
2002-02-01,179990,84480,102480,11830,43230,5620,4720,4890,0,437240,117420,127660,82580,38210,12940,21750,36670,437240,8640,37730,68140,206350,7210,36960,72210,437240,44830,3340,2340,280,1860,1970,54620,71250,4050,2180,740,4610,14440,5840,3700,2130,640,2370,3470,130,115570,2690,990,680,310,3150,7820,370,1600,320,890,1440,4630,80,5780,1200,7810,17420,2100,25810,1870,62060,26200,17930,10790,56510,14160,210,125800,420,3450,50,190,560,140,4820,10860,42290,460,700,360,200,460,430,55770,3970,1660,5630,437240
2002-03-01,182270,82000,112280,11090,46040,3230,5120,4320,140,446500,126360,132630,99820,36950,11890,17490,21360,446500,10010,39030,87700,213240,9570,16450,70490,446500,67000,1960,2790,260,2170,1660,75840,74300,5010,1660,760,4170,12720,4580,3680,1770,550,1870,2760,160,113990,3040,960,690,340,2820,7870,200,1890,350,580,950,3970,150,8210,790,8120,10770,3670,24480,1380,57560,12280,15460,7810,69260,14810,140,119770,380,3820,70,270,610,60,5210,10330,41240,360,930,170,130,550,720,54430,5900,1510,7410,446500
2002-04-01,152000,59230,98320,7400,32980,1540,4800,4010,20,360310,113180,116560,62200,26200,9510,16020,16640,360310,15730,40130,63200,178310,8500,13170,41270,360310,60870,1680,2720,360,1830,2140,69610,40040,3060,1130,790,4210,9700,3110,2340,1060,480,820,1590,160,68480,2190,920,800,280,2520,6720,100,1370,230,480,960,3140,110,12670,700,6410,12980,3140,18300,2100,56410,15080,9760,7620,57670,15150,110,105380,240,4160,140,130,800,50,5530,5790,30040,310,880,160,150,380,540,38260,5100,1440,6540,360310
2002-05-01,133540,53780,97660,5850,30000,1340,4790,2970,10,329950,117800,106640,51140,19190,8710,14440,12010,329950,15250,39060,45680,159200,6530,9190,55030,329950,60280,2600,2650,670,1530,1660,69390,28540,2310,630,600,2710,6220,2310,2060,820,350,460,1090,130,48240,2270,660,400,370,2690,6400,30,1060,230,380,950,2660,40,7070,500,5840,19140,3240,26090,1100,63030,12630,9100,8920,50520,12210,150,93540,210,7340,80,170,450,60,8310,4800,27230,220,750,160,90,530,560,34330,3090,680,3770,329950
2002-06-01,126950,49000,117080,5340,30660,1800,5340,3220,10,339390,98170,106750,63940,27600,13890,14270,14770,339390,7270,33390,56630,161860,5650,14150,60440,339390,70070,1310,2760,540,1750,1900,78320,26980,4260,720,470,3220,5870,2300,1750,910,360,940,1250,100,49130,2420,650,490,230,1870,5670,80,820,260,1140,1220,3520,120,4580,710,7400,9550,1850,31840,990,57040,10530,10460,7540,50160,11530,110,90340,190,3340,100,200,300,50,4170,4040,39750,490,870,180,100,420,330,46180,3660,1170,4820,339390
2002-07-01,162930,66780,131800,10220,33600,1300,6430,4920,170,418160,95710,118030,98430,42660,12360,19300,31680,418160,13950,36490,61160,183520,5650,44900,72490,418160,70090,1840,3140,400,1530,2110,79110,41090,3720,2030,1270,6030,10820,4690,2590,1490,380,1770,2040,160,78080,4890,1280,770,410,2290,9640,120,990,850,2780,2770,7520,90,6530,940,10200,10910,2060,18550,1510,50770,19390,19460,11300,61940,16770,280,129130,330,2490,50,210,620,90,3790,6310,45180,210,1200,170,190,600,560,54410,3810,1620,5430,418160
2002-08-01,146170,55000,119760,8140,31970,1370,6710,2810,10,371940,112760,120280,74850,24260,7790,14820,17170,371940,9160,34330,50840,189080,6410,13720,68400,371940,75020,2260,2320,520,1740,1930,83780,35260,2950,1380,520,4350,9090,2350,1910,810,300,740,1120,170,60940,5450,1350,560,320,2040,9730,120,1180,480,2140,2950,6870,70,5190,570,5700,10680,2360,18380,1550,44510,14980,12170,9220,69100,14460,250,120190,210,2670,80,190,560,170,3890,4610,30710,220,580,130,110,400,440,37200,3730,890,4620,371940
2002-09-01,137380,58250,110640,6940,34740,1270,6420,2900,30,358570,102350,111820,67230,28020,9980,18700,20470,358570,13850,35910,57640,166980,6590,11080,66530,358570,80890,2180,2310,300,1630,1740,89050,39600,3740,1300,870,3050,11570,4190,3860,1360,530,1290,2160,100,73620,2760,1050,740,290,2500,7350,130,980,140,780,1010,3050,120,8270,680,6160,15780,1880,17400,930,51220,12880,9290,5610,52780,10730,60,91340,180,3230,60,110,420,80,4080,5380,26390,310,720,270,70,360,470,33960,3560,960,4520,358570
2002-10-01,173850,71010,120690,8450,42900,2200,5500,4270,10,428860,122310,131310,85880,35240,13380,20020,20730,428860,14190,42190,72890,230040,6140,14830,48580,428860,78760,2400,2070,610,2030,2210,88090,54490,4200,1770,1190,3650,16240,6430,3950,2100,900,1350,3190,140,99600,4460,1340,1060,380,3420,10670,90,1130,180,860,1060,3320,90,8590,820,7470,12250,2260,21550,1800,54830,14720,12330,6540,61750,18340,220,113910,230,3890,50,230,530,50,4980,8250,37370,300,740,270,90,440,540,47990,4150,1070,5220,428860
2002-11-01,170310,71640,122380,12220,48100,3190,5620,3500,60,437020,133220,127340,85500,32930,15390,22930,19710,437020,11970,44770,76870,243060,6140,8490,45730,437020,66110,2620,2170,570,2390,1960,75830,66680,4290,2080,1250,4140,14040,6050,4900,2010,730,1370,3400,190,111140,3590,1490,910,310,3620,9910,130,1470,390,1050,890,3920,110,4840,720,5080,14120,2380,32610,930,60800,17770,10140,5610,64240,20230,110,118100,140,3500,60,160,510,70,4430,8910,35570,350,710,290,80,380,470,46770,4220,1440,5660,437020
2002-12-01,217700,96260,130670,15050,60280,5590,3860,4550,0,533970,120330,136650,153690,71710,17450,19000,15130,533970,5000,29050,141610,297200,4430,6880,49810,533970,68100,3030,2620,280,3110,2710,79850,103320,6320,2290,1430,5370,13040,6410,6190,2410,780,2240,5520,260,155590,6670,1100,910,660,4760,14120,160,1260,500,1310,1650,4870,110,6160,890,13090,18380,1770,37890,1570,79850,18160,15230,6930,70040,18860,130,129350,400,4090,90,90,1210,150,6020,10380,41140,380,1000,300,160,660,650,54650,6650,2310,8960,533970
2003-01-01,163840,70800,103470,9160,38610,3590,3060,4100,20,396650,106500,102320,76740,38940,15510,22120,34510,396650,5540,32370,69290,204170,7380,30040,47860,396650,47030,6230,2310,490,2200,1890,60150,63560,4230,1740,810,3810,11670,4790,4630,1900,640,1750,3760,160,103460,3960,1020,500,530,3140,9160,90,1090,230,930,1320,3660,120,5120,580,5990,8320,1260,15270,1280,37940,20840,11390,9660,57400,26010,100,125400,200,3010,70,170,680,80,4200,10290,35220,390,870,330,250,330,570,48240,2790,1300,4090,396650
2003-02-01,173750,83700,101110,11400,43520,5490,3700,4820,0,427480,120510,111960,77920,36880,13330,22840,44050,427480,9450,40690,69560,213090,5860,45450,43390,427480,45460,2960,1660,450,1980,1480,53990,70900,4310,1980,920,4820,13850,5510,4080,2160,800,2800,3920,110,116160,3530,910,700,480,3090,8710,130,1150,480,1120,1290,4170,140,5840,1000,7810,15070,1750,22020,1210,54850,27030,12470,9570,58880,17880,300,126130,320,3660,50,200,700,130,5060,10220,40280,380,580,390,150,400,550,52960,3460,1550,5020,427480
2003-03-01,158770,74060,97870,10500,40680,3160,3690,3700,30,392470,117990,115520,76870,33230,11170,16890,20800,392470,11070,40700,74890,199010,5020,17260,44510,392470,58190,2620,1800,390,1940,2110,67060,61800,4390,1590,690,3440,13280,4580,3740,1580,670,1420,2570,160,99910,2660,800,420,340,2300,6520,240,1420,200,1100,1310,4270,80,7730,650,6140,9780,2490,20960,1240,49060,14260,9720,6530,59860,16290,140,106800,260,3760,160,170,570,50,4970,8500,37410,290,750,250,100,380,380,48060,4460,1080,5540,392470
2003-04-01,129290,51400,91830,7640,32710,2440,2820,3390,0,321510,81240,100330,76410,27140,9600,12220,14560,321510,8280,27220,77500,159290,4210,9780,35240,321510,68540,1870,2050,260,1960,1900,76580,50670,2950,1050,730,3110,8860,2750,2180,1110,320,1200,1850,110,76900,1320,470,300,340,1550,3990,40,1110,70,1010,610,2850,180,7710,480,5390,8450,2820,12920,1120,39080,9480,9490,3800,43570,11440,70,77850,160,3120,40,170,940,80,4490,5270,27420,180,510,130,90,390,380,34370,4090,1130,5220,321510
2003-05-01,102650,40130,79590,5220,24990,1440,4620,2260,10,260900,84680,76210,50380,18850,8010,10870,11900,260900,14800,33890,52680,119290,4310,7950,27980,260900,67030,2310,1970,380,1330,1760,74780,27970,2070,860,380,1770,6750,1960,1600,520,270,490,890,70,45610,1500,590,170,260,1210,3730,70,830,310,570,650,2430,70,4720,680,5920,9990,2460,13740,1270,38850,3100,6050,2270,29520,10660,50,51640,250,4280,60,280,400,60,5320,4350,28310,210,510,150,60,330,130,34050,3310,1020,4330,260900
2003-06-01,116150,49120,99630,6110,28450,1450,4470,2840,40,308270,84040,96430,62440,28880,11950,12350,12170,308270,8750,32030,59850,156500,5460,12480,33190,308270,67850,2260,2250,440,1810,1680,76310,28880,4060,780,550,2740,4840,2420,1590,1150,370,1020,1340,140,49870,1720,640,280,180,1780,4600,100,580,170,1300,1020,3160,70,4800,810,7920,8700,1930,30330,1420,55980,4520,12940,3750,29530,14130,110,64980,270,3560,70,210,410,140,4650,4060,38490,210,500,260,90,390,450,44460,3290,890,4180,308270
2003-07-01,163600,63160,131360,10140,35980,1310,5390,4560,0,415510,97790,114760,92220,45260,13070,21760,30660,415510,17280,36600,71850,197300,8120,42030,42340,415510,82910,2140,3180,540,1650,2220,92630,45020,3400,1780,1150,6290,12750,5160,2510,1690,490,1770,1830,130,83970,4460,1220,350,460,2510,9000,140,1130,750,2820,2970,7810,80,8140,720,9710,14430,1990,18870,1420,55360,11340,13310,11330,45660,21030,240,102910,410,3860,50,410,660,110,5520,6100,44570,210,800,330,120,780,530,53450,3130,1710,4840,415510
2003-08-01,138100,52890,121170,7880,32510,1580,5060,3040,0,362250,107440,105680,80780,26040,7910,14660,19720,362250,14470,38650,63970,190710,8120,13960,32380,362250,72970,2390,2070,400,1430,2070,81320,36850,2930,1370,670,4720,11120,2550,2080,1000,580,920,1240,140,66190,5350,1530,340,400,2470,10100,210,960,550,2340,2540,6610,90,5870,720,5940,11650,2030,15220,1210,42730,12130,11220,10960,57710,15460,160,107640,290,3530,50,200,620,60,4760,4950,31340,270,680,300,80,270,400,38290,3450,1160,4610,362250
2003-09-01,147840,57630,119910,8510,41130,2220,5000,3360,0,385600,110600,119700,73930,27930,10480,19130,23830,385600,18260,40410,71760,197360,8600,12940,36270,385600,85920,2380,2310,550,2560,2220,95950,43270,3760,1400,880,3750,11920,4400,4180,1700,940,1240,2520,120,80080,3050,1000,410,310,3310,8080,200,1220,340,700,1300,3760,80,5030,780,6220,18320,2270,19090,1060,52850,14970,9310,7960,53020,14430,80,99780,240,3670,80,250,660,150,5040,5940,27060,270,560,220,50,250,360,34720,4250,1070,5320,385600
2003-10-01,167670,73630,123400,9900,48570,2360,4790,4910,110,435330,130440,118040,86530,37000,14620,21990,26710,435330,12380,45220,79420,230470,9660,15950,42230,435330,83040,2620,2290,190,2560,2450,93140,63380,9170,1950,840,4550,14440,5180,3700,2020,690,1170,2680,240,109990,3630,1520,460,420,2820,8860,140,1200,270,1050,1230,3890,150,8200,1010,6440,14270,2730,20320,1170,54290,16670,9810,8150,56350,19210,140,110320,260,3830,80,190,740,120,5220,8170,32470,550,600,340,50,310,410,42910,5780,930,6710,435330
2003-11-01,195020,83350,127950,10310,44670,3810,3780,4270,130,473280,149870,140550,93180,34360,14410,22490,18430,473280,13670,49380,87320,262350,8620,9690,42250,473280,77660,2900,2340,470,2530,2670,88580,74270,4250,1890,990,6740,12810,5210,4510,1720,870,1260,3410,120,118050,3600,1420,780,600,3710,10110,220,1360,390,1150,1500,4610,90,4280,810,10270,18600,2360,28270,1260,65950,19760,10240,6490,63290,22530,230,122550,260,3940,80,190,650,100,5230,9400,36960,280,810,280,100,560,460,48850,7410,1930,9340,473280
2003-12-01,229690,104110,142290,15220,59430,5970,3840,5670,380,566600,128850,146360,161010,74440,17930,20260,17760,566600,8580,30310,154120,311020,8530,8130,45910,566600,82490,2920,3080,690,3520,3290,95990,106240,7440,2420,1250,5640,15600,6440,6110,2460,1040,2140,5790,270,162830,6540,1310,780,730,5720,15080,180,1290,280,1140,2530,5420,150,5720,1210,12520,18030,2920,36350,1440,78360,22040,13340,7270,72950,18210,250,134050,480,5390,40,170,1520,120,7720,10670,42600,470,1140,480,270,880,620,57140,7310,2660,9970,566600
2004-01-01,165800,74140,117420,10870,39680,4390,3310,4550,10,420170,115470,111310,77240,36610,15290,24620,39640,420170,4720,32090,74140,219160,12120,34900,43050,420170,53610,5890,2490,660,2130,2290,67080,61950,4200,1580,960,4710,12060,4270,5000,2150,770,1650,3460,160,102930,3660,1230,510,540,3690,9620,150,1200,450,1020,1530,4360,90,4480,840,6500,10840,1900,15250,830,40720,31210,13000,9870,58820,25870,210,138980,260,3820,20,100,610,120,4920,10180,34090,460,1210,370,120,330,530,47290,2960,1290,4250,420170
2004-02-01,183590,86430,113410,12730,43010,6580,3380,5690,0,454820,128730,112240,82830,38370,14570,25720,52370,454820,12110,48190,77650,214100,10370,51970,40420,454820,59000,3710,1570,320,2030,2120,68750,75230,4500,2010,850,5360,15550,5420,3850,2820,1030,3010,4370,200,124220,3580,1330,760,510,4200,10390,150,1260,210,1160,1670,4460,100,6160,1220,8290,14750,2420,17880,1180,52000,23390,11200,8750,62680,19350,320,125680,380,5350,40,250,800,120,6940,11630,42090,330,680,470,170,510,410,56280,4320,1770,6090,454820
2004-03-01,168630,83340,114230,12000,43070,3520,3180,4290,30,432280,139180,117970,84300,36380,12480,19840,22130,432280,13140,48990,86710,219250,8360,17260,38570,432280,76250,2530,1740,320,1890,2210,84940,68240,4400,1470,780,4670,13430,4000,3440,1710,810,1420,2980,170,107510,2920,1070,550,470,2700,7710,290,1510,270,930,1220,4230,110,8300,600,6540,13740,2860,18540,1080,51770,17540,10500,6880,63700,15190,250,114050,270,4190,100,200,840,150,5740,9290,37860,370,840,420,80,340,410,49600,5200,1520,6720,432280
2004-04-01,157720,69800,115940,10770,38390,2240,3060,4870,0,402790,120310,124980,84100,25150,12210,16760,19270,402790,10720,35170,89280,202580,8810,16430,39800,402790,88300,2230,1890,610,2000,2220,97250,52220,3400,910,670,4210,9140,2660,2840,1020,600,990,1970,170,80790,2020,780,300,500,1910,5510,110,1140,370,1070,1230,3930,240,12960,890,5790,13850,3660,17040,920,55370,17690,14120,7130,55620,14130,140,108830,470,4540,80,190,970,90,6350,6120,30880,270,710,290,140,360,410,39180,4110,1460,5570,402790
2004-05-01,134780,55640,106560,7090,27610,1390,4750,3430,0,341260,127080,101300,52980,20140,9400,15300,15070,341260,12620,44770,60690,170280,9050,10100,33740,341260,74580,2810,1710,480,1920,2330,83840,29330,2650,840,510,2640,6230,2020,1600,680,500,560,940,70,48550,2120,1060,220,450,1730,5570,130,760,190,830,1040,2960,110,5950,930,5080,14840,3020,19460,620,50000,16220,7510,9120,51650,16130,110,100750,180,7330,60,150,610,90,8420,5540,29760,220,590,260,90,210,550,37200,3110,840,3950,341260
2004-06-01,133860,59830,127730,5910,29430,1450,5310,3740,0,367280,118550,110190,67170,29720,12230,14360,15060,367280,10340,37700,68900,188380,9050,16420,36500,367280,89370,1900,2400,570,1350,1880,97470,30370,4230,790,530,4030,5950,2100,1660,1150,430,830,1600,80,53730,2730,920,320,400,2100,6480,100,610,390,1670,1600,4370,70,3700,880,8210,12010,2250,26270,1340,54740,13930,8660,10020,46080,14180,120,93000,270,4370,60,210,470,60,5450,4880,40440,230,540,190,70,320,290,46960,4050,1030,5080,367280
2004-07-01,171830,77410,158110,11090,35550,1900,6530,5140,0,467550,114520,118890,114000,50540,14440,28170,26970,467550,15770,40460,86330,243270,6880,53030,21810,467550,107240,2210,2800,330,2070,2620,117280,45320,4660,1780,1610,6900,11900,5010,3000,1490,590,1780,1830,230,86100,5240,1760,470,460,2360,10290,180,1120,1040,5110,4190,11650,150,6840,950,9290,12870,2250,15660,1000,49010,26040,14030,10840,56230,20170,300,127600,340,3460,130,350,720,170,5160,8070,44410,220,1040,260,110,670,350,55140,3550,1780,5330,467550
2004-08-01,153030,61030,137040,7960,32460,1460,6810,3260,0,403060,131860,117050,89280,27030,7860,15710,14260,403060,17020,46310,74280,230090,6120,15700,13530,403060,96420,2410,1690,550,1690,1830,104600,39780,3020,1370,730,5100,10470,2760,1720,840,480,790,1220,180,68450,5730,1800,420,400,2340,10680,230,1040,830,3060,3520,8680,190,4960,730,5680,13370,2270,13400,670,41270,17410,10390,8300,66230,15040,190,117570,350,3170,60,210,800,120,4710,6200,34550,210,800,200,70,290,450,42780,3300,1020,4310,403060
2004-09-01,143770,60610,132640,8490,35660,1770,6850,3730,0,393510,125790,114530,77240,30010,10720,18260,16960,393510,18140,42450,87470,211980,6130,12210,15150,393510,107690,2870,1890,800,1910,1960,117130,40770,4330,1300,780,3920,11430,4090,4000,1590,780,980,2190,170,76320,3800,1290,430,420,2680,8610,300,1120,390,760,1250,3810,140,6690,660,5030,10110,2570,14580,490,40270,16370,9320,5180,57510,14190,90,102650,240,4080,40,200,1020,110,5690,6080,25980,250,620,370,100,400,370,34170,4050,810,4870,393510
2004-10-01,170030,77520,136120,10220,41830,2170,5900,3580,0,447380,145320,117150,92060,37160,15880,20520,19290,447380,16920,46970,92630,248800,7550,15900,18610,447380,97630,2950,1950,650,1930,2510,107630,59960,5100,1950,1150,4940,15900,5190,4170,2400,1020,1230,3400,200,106610,4430,1880,580,450,3070,10420,160,1240,190,820,1360,3760,140,7590,1070,4810,10900,2630,18130,650,45920,21390,11450,6490,60720,18130,150,118340,200,4670,70,170,820,110,6050,8100,33680,230,800,290,120,390,550,44140,3550,950,4500,447380
2004-11-01,184890,88740,134390,10440,48850,3250,4090,3370,0,478020,167640,125390,90930,39150,16080,22880,15940,478020,17700,53560,96390,275280,7640,9850,17590,478020,82680,2990,2280,720,2400,2300,93380,65650,4980,1960,1150,5320,14070,5250,4690,2310,1120,1590,3830,190,112100,4110,1570,810,520,3920,10940,200,1510,310,930,1760,4720,240,4370,1000,8490,19510,2550,32720,730,69620,24150,9590,8290,65880,21460,120,129490,220,3930,50,260,710,120,5290,10520,33840,340,880,310,100,410,360,46740,4200,1540,5740,478020
2004-12-01,235480,108300,153380,17510,62440,5410,3210,5660,0,591390,140570,140610,176580,78130,19450,20970,15090,591390,7760,32710,176430,342970,7210,9300,15020,591390,96690,3410,3300,860,3950,3180,111390,110500,8970,2200,1490,6630,15630,5930,6130,2600,1420,2340,6200,290,170330,7070,1350,890,1130,6920,17360,180,1800,220,1300,2310,5810,390,5680,1500,9920,18280,2900,34970,1940,75580,24870,15870,7730,61970,19740,320,130490,330,5800,130,290,1450,140,8140,13560,43590,500,1720,530,250,880,780,61800,7700,2790,10490,591390
2005-01-01,193910,83440,118720,10600,39560,3170,3630,3860,20,456920,141280,97530,90860,46520,17130,28310,35300,456920,14080,36900,90900,244920,8960,38530,22640,456920,62410,6400,2050,630,2050,2130,75670,70840,4980,1830,1150,5270,12580,4870,5200,2510,990,1880,4020,230,116350,4790,1510,660,990,4800,12750,230,1450,530,980,1890,5090,140,4340,680,5570,7760,1900,10620,960,31960,37780,9460,8250,62900,33740,200,152320,230,4500,50,250,700,200,5920,13310,35770,600,1370,390,180,460,570,52630,2750,1480,4230,456920
2005-02-01,201750,99010,123730,13190,48760,4520,2880,4950,0,498780,153930,124400,92130,43770,14320,28640,41610,498780,11360,45200,94010,272700,6570,54010,14910,498780,63220,4380,1430,390,2200,1680,73320,78200,4760,1960,910,5970,15680,5150,4150,3220,940,2480,4680,220,128310,3670,1130,890,520,3790,10000,180,1670,220,890,1990,4940,180,5160,1510,8160,18200,2510,23250,1320,60290,38480,19110,11480,61740,21670,320,152800,300,4800,80,350,940,240,6720,11600,42420,420,860,480,200,600,500,57070,3560,1770,5330,498780
2005-03-01,201640,94600,130010,13270,52030,3260,3150,4120,0,502090,166940,130110,112260,41340,13850,19060,18530,502090,15520,45330,118340,279410,8600,17710,17180,502090,90260,2800,2120,790,2180,2200,100360,87360,6130,1230,1130,4650,14890,4590,3850,2460,870,2070,3410,200,132840,3270,1300,470,660,2920,8620,370,1700,300,1180,1720,5280,320,7750,900,6720,13470,3740,21050,1050,54990,17170,14710,9180,67500,20140,120,128820,280,5010,70,250,930,120,6670,11290,43440,390,960,290,120,570,440,57510,5570,1430,7000,502090
2005-04-01,163380,69920,117000,9840,36660,2240,3330,4210,0,406580,140520,117160,77900,27190,12110,16380,15300,406580,13440,43470,90410,220530,6460,15380,16890,406580,96890,2190,2070,540,2020,2100,105810,46520,3300,980,680,4450,9200,2900,2630,980,550,880,1790,110,74980,2400,1010,370,460,2610,6860,190,1340,260,1130,1340,4260,230,11690,870,5650,11370,3490,17040,540,50890,18720,11280,9930,49590,20060,220,109800,190,4740,80,250,1290,80,6630,7330,31630,380,930,510,110,340,490,41710,3890,1750,5640,406580
2005-05-01,134080,58870,108240,8210,31850,1470,5840,2720,10,351290,136320,97660,61650,20910,9670,12390,12700,351290,14550,48170,70170,185280,6240,10460,16410,351290,82210,3160,2360,520,2020,1800,92060,29260,2670,770,500,3020,6690,2090,1700,710,450,510,1200,90,49660,2100,690,240,590,1560,5170,110,840,120,670,1000,2740,120,5860,850,4930,18480,3450,21340,750,55780,15640,9190,8370,42890,18310,250,94660,160,7930,80,240,540,260,9200,5990,30100,220,760,440,80,370,210,38180,2990,830,3810,351290
2005-06-01,141600,58530,128540,7020,32700,1240,4450,2940,0,377010,136420,96060,72140,29850,13930,15080,13530,377010,10250,41850,81770,202910,7430,15830,16980,377010,89290,2220,2540,510,1680,1580,97830,30490,5270,660,470,3940,6340,2250,1670,1320,600,900,1480,180,55570,3350,850,380,310,1930,6820,150,700,450,1440,1700,4440,140,4480,1190,6970,10700,2540,29440,710,56170,14120,12240,9390,41730,18280,220,95970,190,5170,80,340,530,290,6600,4930,42240,170,690,270,110,360,380,49140,3640,810,4450,377010
2005-07-01,189340,78380,169640,11510,35660,2210,6370,3940,0,497040,133080,120830,117080,52190,15050,28720,30090,497040,16150,45170,90770,254200,9860,57580,23320,497040,113170,2500,2600,700,1750,2650,123380,49390,6050,1820,1430,8750,13650,5120,3540,1890,650,1660,2010,210,96160,5150,1850,530,580,2700,10810,290,990,1520,4750,4000,11540,200,6920,1400,8380,11440,2400,17210,1120,49060,28560,17150,13210,55240,22840,370,137370,320,5440,120,520,800,160,7360,7410,45760,350,1180,400,170,720,670,56660,3150,1540,4690,497040
2005-08-01,162740,66630,147330,8320,33420,1320,6510,2990,10,429260,148440,117270,98020,26010,8950,16140,14430,429260,22740,47890,76010,238680,11130,16270,16530,429260,100270,2030,2080,520,1830,2370,109090,41290,3770,1400,850,5950,11800,3000,2070,1160,670,890,1550,170,74580,6590,2080,530,490,3070,12760,260,1130,1170,3360,4060,9980,250,4970,1030,4640,13070,2540,15020,830,42360,20620,12830,11330,62650,18500,390,126330,210,4410,60,310,650,130,5770,6680,33880,190,1120,270,200,360,540,43240,3640,1510,5160,429260
2005-09-01,155720,61210,134860,9950,38770,1760,5880,3910,10,412070,138800,111740,80650,30490,12180,19230,18990,412070,18690,44640,89300,216190,10450,14670,18120,412070,109880,3030,3050,380,2370,2070,120770,41630,4520,1260,1010,4370,12170,4050,3740,1640,690,940,2150,140,78320,3860,1490,400,430,2510,8690,230,1290,280,1020,1210,4030,230,4970,980,5690,11570,2550,16460,740,43200,17120,10180,8400,56900,15310,180,108100,200,5200,80,260,800,190,6740,6830,27110,260,1050,320,120,320,510,36530,4420,1270,5690,412070
2005-10-01,175440,82660,136840,10260,45460,2430,5040,3740,0,461870,156930,119890,96460,34870,15330,20580,17810,461870,16290,50010,92370,255060,13860,15130,19150,461870,102840,2860,1970,640,2360,2150,112820,61540,5830,1900,1380,5700,15830,5370,4520,2190,1000,1110,3480,230,110070,4400,1790,550,440,3110,10290,190,1510,280,1020,1390,4390,310,6930,1440,8830,13790,3480,20200,740,55740,19310,11140,7390,54070,20640,220,112770,230,6120,130,220,790,170,7660,8030,32490,320,1000,490,170,370,570,43450,3590,1090,4680,461870
2005-11-01,184280,89110,129270,10440,46470,3250,4200,3630,10,470670,173550,115340,89730,35300,16400,23860,16490,470670,22860,56410,95660,252280,11950,11400,20100,470670,80290,2750,2360,410,2180,2120,90110,67200,4840,1960,1250,6190,14330,5040,3890,2190,1130,1300,4000,260,113580,4380,1840,830,720,4530,12300,230,1580,480,1040,1580,4910,180,4270,1160,6780,14480,2600,25510,710,55700,29060,10030,6190,64590,22810,110,132790,180,5950,90,290,780,110,7400,9920,34000,410,1020,450,180,330,720,47020,5130,1740,6870,470670
2005-12-01,237650,113550,151570,17360,64430,5210,4330,5150,0,599250,145290,134840,180490,79230,21010,24140,14250,599250,6770,33740,185650,333520,14010,11140,14420,599250,97290,3490,2910,700,4140,3810,112330,111090,9770,2470,1400,7490,15900,6580,5910,2880,1560,2430,6650,310,174430,7570,1520,780,1200,6750,17820,280,1510,490,1760,3000,7040,210,5620,1610,10370,17380,2700,31000,1370,70270,26150,18860,7670,60170,22330,300,135480,260,6530,150,200,1470,160,8770,13410,43810,450,2020,550,350,550,660,61790,8760,2570,11330,599250
2006-01-01,183220,89970,121930,10990,43620,4470,3530,3660,10,461400,138660,106310,92610,46460,19590,26060,31710,461400,6980,38710,89210,256660,14700,35310,19820,461400,68690,6680,2410,590,1840,1590,81790,68210,5070,1870,1040,6050,13890,4980,4820,2480,1150,1570,4420,220,115770,4540,1250,810,1040,4630,12270,150,1260,350,860,1970,4600,210,3660,1320,5270,9250,2220,13610,690,36240,32210,13530,10910,61430,28570,330,146980,220,4740,60,300,750,190,6260,13650,35080,560,1860,560,170,430,510,52810,3130,1540,4680,461400
2006-02-01,199280,94720,116970,15080,46290,4970,2800,4890,0,485000,151700,98140,92920,45120,16150,33600,47360,485000,14020,51440,90190,237060,12200,60850,19250,485000,59950,4010,1560,330,1830,2320,70000,79390,4620,2120,1090,6840,16000,5440,4310,3390,1060,2200,5130,170,131760,4100,1470,670,810,3770,10830,200,1430,560,940,1900,5030,260,5240,1390,8240,14770,2290,16250,1090,49510,35040,12860,9670,61720,22330,390,142010,310,6080,90,320,1020,230,8050,13140,45130,380,1330,430,270,520,630,61810,4050,1940,5990,485000
2006-03-01,186520,94890,121600,14640,44130,4050,3770,3850,0,473440,169440,110910,101940,38550,13480,20630,18510,473440,13730,53620,103700,246760,12690,18180,24760,473440,80810,2450,2040,620,2150,2530,90600,79270,4970,1500,1090,4770,14730,4600,3560,2030,940,1350,3030,160,121990,3080,1280,590,640,3110,8690,420,1590,440,780,1540,4780,180,7250,1170,6330,10640,3610,16920,870,46970,21350,11700,7610,64060,19460,180,124360,280,7150,100,410,1030,100,9070,12590,42160,450,1380,410,210,410,1310,58930,5490,2560,8050,473440
2006-04-01,174950,76970,120540,11570,40270,2670,4590,3470,0,435040,142390,121320,95860,29010,13040,17220,16210,435040,12580,43620,107870,226260,12930,16100,15680,435040,93780,2840,2580,770,1900,2410,104290,59850,4620,930,990,4590,11370,3040,3020,1340,620,1130,2190,150,93820,2240,1120,420,610,2240,6630,190,1290,410,1110,1560,4550,350,10860,1240,5330,10330,4550,17640,870,51160,24180,16500,6830,44220,19340,190,111270,170,6740,30,210,1440,130,8710,8180,36350,420,1220,420,140,590,730,48050,5120,1430,6550,435040
2006-05-01,131030,59980,106050,8520,28130,1350,5210,2660,0,342940,138410,88290,59100,20550,9080,15340,12170,342940,14090,50290,67410,172090,12650,11250,15160,342940,81190,3170,2350,830,2150,1670,91360,29080,2660,700,570,3030,6770,2060,1760,870,520,490,1410,120,50040,2320,1120,270,480,1690,5880,190,750,200,740,950,2830,240,5540,840,4960,12480,3640,16460,810,44970,19810,8700,6030,41360,17470,210,93570,190,10490,110,330,570,90,11770,6730,29450,260,970,410,140,260,430,38640,2860,1020,3880,342940
2006-06-01,139550,61530,130580,8360,29850,1730,4510,3550,0,379660,132980,95160,73370,31860,14590,16130,15580,379660,16590,43670,82450,188360,12850,18070,17660,379660,92590,2200,2650,460,1980,2170,102040,29160,4970,800,620,4150,6840,2280,1640,1180,540,900,1540,120,54760,3260,920,440,490,2170,7280,200,990,750,1550,1810,5290,130,4070,1670,6260,9470,2650,25020,900,50180,16730,9290,7320,42590,18240,200,94380,230,7430,120,290,560,220,8840,5510,43410,230,1050,420,200,370,440,51640,4200,1040,5250,379660
2006-07-01,180390,75910,159900,12250,35510,2090,7270,4880,0,478190,122850,117860,109160,52050,15720,30540,30030,478190,19660,49440,88250,227630,14370,57840,21000,478190,101130,2520,2690,510,1690,3070,111600,45600,5100,1720,1620,9020,12100,5610,3350,1870,660,1400,1920,170,90140,5500,1960,620,580,2550,11220,330,1120,1610,5340,4540,12950,200,6360,1700,7610,10840,2680,16440,1370,47210,31740,17050,10890,49880,23790,420,133770,320,6230,110,540,1060,150,8400,8750,44450,390,1430,590,270,810,720,57410,3650,1840,5490,478190
2006-08-01,153620,65270,136790,10430,31820,1960,7400,2910,0,410200,142470,109050,89140,26380,8780,18230,16140,410200,19900,49360,78240,216420,13570,17110,15600,410200,90570,1980,1900,410,1980,2080,98920,38250,3600,1200,830,6660,11840,2790,1880,880,620,790,1190,210,70740,6220,2130,380,600,2670,12000,350,1070,890,3090,3490,8880,190,4430,1320,5370,12460,2680,14430,600,41490,22980,11510,8430,60920,19500,400,123740,290,5610,80,320,910,170,7390,6710,32250,350,1220,490,220,360,580,42180,3510,1360,4870,410200
2006-09-01,155370,69370,143670,10010,34090,1820,5530,3590,10,423460,139650,117100,81180,30660,12380,21950,20530,423460,20070,46520,91620,218430,14440,14730,17650,423460,113740,3100,2520,510,2230,2110,124200,41780,4490,1280,930,5080,12230,3950,4020,1710,810,1030,2250,140,79720,4720,1820,420,530,2950,10430,320,1250,170,1220,1300,4250,260,4400,1310,5540,9940,3040,16380,840,41720,21440,9760,6450,51960,19500,140,109250,200,6000,180,290,830,160,7650,7120,29950,430,1310,620,270,400,590,40680,4410,1160,5570,423460
2006-10-01,184600,81860,134380,11500,48050,3230,5440,3840,30,472930,162730,122900,92030,36390,15640,22360,20870,472930,20790,53610,96990,251380,15240,16440,18480,472930,95900,2680,2420,500,2080,2390,105980,61610,5290,2020,1800,5880,15550,5810,4250,2670,960,1280,3450,220,110790,4260,1790,610,910,3640,11220,190,1160,360,1090,1740,4540,350,6540,1830,12480,14990,3600,18540,660,58990,23470,11400,7810,54470,23880,190,121220,160,6460,200,180,1020,140,8160,9200,33160,510,1350,610,190,570,690,46280,4470,1290,5760,472930
2006-11-01,194160,89920,131770,12600,48530,3340,4440,5220,10,489990,174220,121730,94730,37080,18000,26240,18000,489990,15660,58930,102250,265940,14900,12980,19320,489990,87370,3790,2930,590,2400,1890,98980,75820,5810,1830,1220,6330,14120,5200,4610,2180,1190,1510,3890,350,124060,4370,1940,740,880,4590,12530,260,1470,370,1340,1580,5020,350,4180,1740,5280,13350,2710,25030,800,53430,29420,9740,5670,58900,25080,90,128900,250,6300,190,360,920,220,8240,11050,36920,480,1270,740,290,580,610,51960,5060,1810,6870,489990
2006-12-01,250830,128030,152070,21490,74350,5480,3300,5300,20,640870,155160,134560,202140,86310,22600,24320,15800,640870,8920,34530,192590,360600,17950,11420,14860,640870,99490,4280,3840,770,4760,4450,117600,136650,10090,2200,1490,7310,16400,7110,7010,3240,1450,2660,6680,380,202660,8000,1840,1010,1670,6650,19180,400,1630,480,1910,3280,7700,480,6060,2450,9800,17470,3900,32290,1590,74050,27200,15690,6650,54400,29330,300,133570,360,7480,170,330,1520,250,10120,13180,43940,590,2570,770,470,840,760,63110,9710,3180,12890,640870
2007-01-01,184170,86480,112290,13340,43150,4080,3210,4280,30,451030,132970,94280,89580,46170,20340,30620,37060,451030,10210,43580,89810,229310,16260,40490,21370,451030,70930,6560,2750,840,1920,2550,85540,71240,5840,2020,1260,6480,13330,5060,4670,2570,1230,1850,4440,410,120390,5230,1540,1000,1380,5140,14280,280,1480,350,1280,1760,5150,210,3640,1370,5560,6870,2880,10210,950,31690,28110,8570,7280,48870,34170,200,127210,250,5550,80,240,650,180,6960,12820,36840,770,2100,590,380,450,650,54610,3410,1790,5190,451030
2007-02-01,207050,101570,120330,16070,51400,5300,3570,4890,10,510170,157290,117660,98560,45640,14470,33370,43170,510170,11870,51610,98070,260980,14710,54750,18170,510170,63240,4320,1830,650,1610,1820,73460,78040,5290,2500,1280,6880,16990,5100,3940,3040,1390,2060,4300,230,131050,3890,1410,870,820,4320,11310,290,1520,760,1560,2070,6190,290,5120,2300,7250,16780,3230,20410,1440,56820,53620,17370,10030,54820,20300,420,156560,350,7000,240,400,990,190,9180,13080,42600,420,1380,590,370,590,640,59660,3820,2120,5940,510170
2007-03-01,207800,102970,125380,21450,50500,3960,3790,4180,0,520020,174360,122680,116850,44100,15320,21990,24720,520020,24300,60480,116920,252540,14710,24640,26420,520020,81990,3150,2380,490,1980,2870,92850,86150,6770,1530,1340,5800,15940,4830,4260,2460,1340,1840,3850,300,136390,4040,2430,780,1570,5190,14020,780,2130,550,1460,1810,6740,290,7500,2320,6570,12830,4190,18620,990,53330,31630,11960,7910,60110,23040,270,134920,280,7250,390,400,1160,300,9780,13330,44210,470,1830,590,350,650,1090,62510,7710,1760,9470,520020
2007-04-01,174790,77330,116730,12230,43550,2090,4250,3980,0,434940,146460,119130,89120,29300,13530,18620,18790,434940,15130,47960,101680,220540,14020,18020,17590,434940,97090,3010,3020,710,2110,2770,108720,52790,4360,970,850,4600,9840,3070,2970,1170,730,1020,2270,160,84800,2400,900,420,830,2750,7310,280,1180,260,1440,1510,4660,350,10740,1580,5610,12430,4700,17560,780,53760,26560,14040,8440,40110,21540,220,110910,210,7580,90,360,1380,120,9750,9030,35050,520,1400,710,320,670,730,48430,4890,1660,6550,434940
2007-05-01,139620,66720,106120,8210,32990,1560,6620,2900,0,364730,146560,94790,59410,23050,10340,15210,15370,364730,14930,53500,77660,174820,13680,12630,17510,364730,94890,3690,2430,620,1880,1920,105440,30250,3280,580,560,3470,7100,2140,2080,790,550,530,1090,50,52470,2350,1090,370,600,1800,6210,240,1160,260,1330,1060,4050,230,6020,1520,5430,13410,4360,21380,1090,53450,19590,8300,6750,32450,18590,460,86140,310,10940,180,340,720,90,12580,7010,29420,300,1260,590,230,280,650,39730,3560,1110,4670,364730
2007-06-01,146460,70080,131890,7920,32460,1670,4700,2780,0,397960,135110,102610,75950,34840,15440,18580,15440,397960,15800,48240,86170,195360,13790,20320,18290,397960,106990,2080,2530,570,1740,2120,116030,27530,5800,670,710,4690,7270,2360,1650,790,560,940,1440,140,54550,3460,1130,390,480,2390,7850,390,720,620,2550,2100,6380,330,4670,2030,7660,9900,3240,24730,920,53460,19190,10950,6610,37870,18910,300,93830,210,7470,150,410,600,90,8930,5620,42320,350,1120,560,310,500,780,51570,4290,1080,5360,397960
2007-07-01,181440,78660,153830,13710,38730,2150,8670,5600,0,482790,132180,110400,111340,51260,14800,32670,30150,482790,21760,49960,91460,226720,13820,57910,21160,482790,103480,2520,2830,520,1770,2450,113570,44010,5760,1700,1810,10340,14000,5690,3680,2170,600,1350,1680,270,93060,5920,2280,610,750,2980,12540,500,1190,2080,6730,4220,14710,460,5890,2200,9000,10540,2810,14180,1380,46470,32930,12810,10180,47850,22960,360,127100,400,6100,230,600,750,160,8250,9840,45620,590,1780,650,430,970,1010,60890,3740,2450,6200,482790
2007-08-01,163070,70250,139900,9890,38250,1610,7800,3980,0,434750,154070,113380,91590,28590,9400,19840,17890,434750,17830,52970,88060,225540,15530,18160,16660,434750,100500,2350,2590,690,1700,2050,109880,39660,4220,1230,1020,6700,11800,3310,2230,910,710,820,1370,290,74280,6580,2250,480,840,2640,12790,480,1280,1170,3150,3470,9550,400,6140,2080,5890,13090,2720,16360,890,47570,29090,12460,8810,54490,19190,440,124480,340,6780,210,530,1030,200,9080,6990,31540,260,1410,650,370,330,690,42250,3800,1070,4870,434750
2007-09-01,161210,66300,140060,11610,41810,2180,6760,4170,10,434110,140550,117560,86990,32980,12870,21540,21620,434110,21930,50500,99760,213200,14620,15700,18390,434110,113960,3300,2700,800,1890,2530,125180,43420,5010,1220,1300,5650,12730,4390,3430,1640,1050,1090,2140,190,83260,4280,1830,630,1140,3140,11020,280,1050,290,1280,1550,4450,250,7050,1960,6600,10690,3980,14990,1110,46640,23360,8940,8660,46380,17520,220,105070,230,6510,140,270,930,120,8190,9260,30520,470,1520,900,350,510,650,44180,4720,1390,6120,434110
2007-10-01,175810,82560,135910,13170,47830,2130,6780,4650,0,468840,162490,116690,93720,39100,15100,21700,20050,468840,19930,57530,99180,239960,14680,16880,20680,468840,103760,2930,2480,670,1840,2600,114270,58890,6480,1950,1370,6490,15330,5620,3880,2430,1120,1360,3510,180,108610,4660,2130,660,780,3780,12010,260,1080,330,1710,1610,5000,260,7320,2130,11830,10720,4660,15630,800,53360,25410,9730,7790,47110,20210,210,110470,240,6600,180,330,900,110,8370,9880,36350,540,1670,830,300,630,740,50930,4460,1370,5830,468840
2007-11-01,196010,93610,130630,14000,51610,3060,5160,5130,0,499210,184340,121970,90450,38760,18700,25700,19300,499210,21490,57150,113910,256040,17290,13440,19900,499210,95250,3180,2760,500,2140,2700,106530,67620,6430,1880,1460,7890,14390,5000,4220,2250,1150,1340,3880,160,117660,4790,2130,1310,1100,5210,14530,270,1590,430,1620,2170,6090,170,4450,2420,6340,16150,3630,26350,770,60290,34760,9530,5630,49590,21790,180,121490,360,8120,180,320,1080,160,10210,10640,38500,670,1550,770,380,560,940,54010,6170,2220,8400,499210
2007-12-01,243200,116900,148830,19530,70380,4800,5150,5950,90,614830,154790,129650,183500,85850,21510,24360,15160,614830,7940,35600,195860,330010,17530,11730,16170,614830,96860,4310,3580,770,3820,3670,113020,106130,10880,1940,1890,8700,17680,7180,6910,3380,1700,2730,6900,320,176330,7530,2080,1170,2030,7650,20460,360,1570,430,2550,3220,8140,520,5630,3120,12170,19500,3650,32430,1660,78690,30360,14120,5350,50060,21160,290,121350,360,10460,200,460,1740,420,13640,16190,45640,610,3000,880,620,1080,900,68910,11060,3230,14300,614830
2008-01-01,182160,85100,105440,13560,42640,3670,3770,4250,30,440630,129860,88500,89750,46650,19290,30010,36580,440630,9850,42270,89620,218680,18450,41070,20690,440630,65120,7170,2730,750,1690,1820,79270,66680,6240,1680,1030,7810,14540,5280,4780,3050,1300,2050,4460,230,119140,5000,1980,890,1990,5050,14910,260,1470,700,1440,1910,5780,310,3800,2070,6040,7990,3120,9220,680,33220,35390,8120,6140,38310,28400,310,116670,250,7000,190,380,1020,160,9000,13910,37340,580,2750,780,480,590,560,56980,3660,1990,5650,440630
2008-02-01,226880,107130,126730,16920,53600,5600,3600,5930,30,546410,172950,124150,100740,49660,15630,35160,48120,546410,17140,59610,105780,263350,18200,61420,20920,546410,71160,4730,1870,620,1810,2320,82500,83620,5850,1800,1290,8100,17280,5720,4520,3430,1170,2610,5120,290,140800,4240,2080,1010,1140,5000,13470,490,1760,940,2270,2350,7810,380,5600,3330,8250,18440,4150,20540,1460,62160,55920,16340,7660,46340,21180,430,147880,340,8920,250,450,1080,230,11270,16690,51320,570,1980,920,480,740,920,73640,4550,2350,6900,546410
2008-03-01,204300,102600,122080,16830,54880,3780,4070,5150,20,513720,169830,123010,114120,42910,13950,24060,25830,513720,16570,57040,128140,249830,16260,26940,18930,513720,82220,3700,2260,460,2150,2590,93380,88600,7830,1370,1250,6510,17040,4800,4110,2580,1230,2100,3500,230,141140,3090,1640,690,1250,4110,10780,720,1450,580,1500,2070,6310,500,7350,2860,8140,13730,4450,21460,1440,59930,29640,14360,6310,50750,17600,240,118890,360,9180,170,550,970,180,11400,13670,43640,490,2160,900,450,500,830,62630,7320,1930,9250,513720
2008-04-01,166570,81270,110660,12590,42240,2530,4550,3900,0,424310,149700,110530,80750,32560,13050,18710,19010,424310,14690,60040,103650,195880,15670,15970,18420,424310,92380,2960,2880,700,2240,2180,103340,51340,4080,1070,870,6340,10640,3490,2800,1330,680,1020,2080,220,85980,2800,2790,570,850,3430,10450,320,1340,600,2100,1260,5620,420,10790,2030,6060,11890,4590,15460,1130,52360,35330,9060,5480,31170,17660,280,98980,190,9560,110,310,1370,180,11720,9300,34340,390,1770,700,330,400,860,48090,6180,1600,7780,424310
2008-05-01,144200,69490,112620,8510,33020,1990,6990,3220,0,380020,148820,100060,63110,24820,10680,16760,15780,380020,16070,52910,86300,181720,13440,11770,17810,380020,97460,4150,2780,680,2050,2660,109770,30990,3280,740,620,4030,6930,2430,1790,700,480,530,1280,90,53910,2280,1190,260,650,1650,6040,300,1000,390,1500,1480,4660,280,6280,2200,5210,17260,4170,21000,690,57090,23030,9290,6220,29390,17140,180,85250,240,12840,220,360,780,150,14590,8210,30780,400,1300,720,300,430,750,42880,4470,1360,5830,380020
2008-06-01,138310,66120,117720,9520,35090,1800,10130,3770,0,382460,126270,90660,75240,36140,16800,19840,17500,382460,13890,47910,90270,177860,15770,17510,19250,382460,91560,2220,3390,620,1740,3340,102860,28920,6090,880,1000,5840,8270,3110,1840,1210,790,1010,1520,140,60620,3600,1390,460,760,2420,8640,400,840,600,2870,2700,7420,390,5680,2490,8910,10590,3930,24290,1350,57630,17980,10510,7470,28380,16450,370,81170,280,9790,110,420,700,160,11460,6540,36140,350,1700,520,500,420,570,46750,4790,1120,5910,382460
2008-07-01,217450,90180,149300,13650,40220,2030,11190,6430,10,530450,130390,129380,138020,52740,14280,34730,30920,530450,39090,51890,90310,220680,15830,58030,54620,530450,106880,3530,4360,760,2210,4890,122620,42840,5710,2110,1830,13960,17220,6220,3570,2110,610,1580,1780,350,99900,14250,5860,2440,940,4830,28320,470,1210,2310,7780,5150,16930,470,5930,3490,8750,11890,6070,15860,1690,54150,34370,11770,7470,38460,23440,630,116130,490,7990,260,750,980,180,10640,11960,50410,560,3620,1330,1080,2210,2460,73640,4850,3260,8110,530450
2008-08-01,158180,67240,131570,12400,34770,2180,7820,4600,0,418750,141650,104120,90350,27980,9830,23590,21230,418750,17790,50660,91950,203000,15250,21150,18950,418750,93250,2510,2870,590,1930,2600,103750,38060,4580,1390,1040,7680,12020,3040,2260,1110,690,880,1450,310,74500,5860,2210,800,930,3440,13240,440,1240,1390,4050,3070,10200,270,5310,2870,6690,13330,3680,14810,990,47950,21830,9250,6200,47890,19290,310,104760,410,8830,180,510,1110,120,11150,7750,34470,420,1900,710,460,430,770,46910,4710,1580,6290,418750
2008-09-01,146090,67740,123350,10370,39330,1920,7440,3770,0,400010,124310,101390,81580,33180,12850,22450,24250,400010,17060,48080,100930,186240,16670,14000,17030,400010,103840,3510,3100,440,1640,2500,115040,41240,4970,1100,1190,7100,12950,4280,3150,1580,810,1090,2060,230,81730,4470,2250,620,650,3460,11450,370,1550,580,1670,1520,5690,390,4570,2330,10490,10670,3590,14850,900,47800,19290,8370,5650,34980,13760,220,82270,270,7330,300,260,900,150,9220,8540,26950,420,1700,980,340,410,690,40020,5290,1500,6790,400010
2008-10-01,166460,80090,139450,12190,44770,2340,5810,4630,0,455740,145400,107430,98930,38690,16180,24350,24770,455740,18090,54720,105030,222970,15950,18260,20730,455740,111570,2790,3810,560,2490,2860,124080,58350,6740,1760,1510,7810,15380,6230,3570,2480,980,1390,3290,230,109740,4140,2060,730,910,4190,12030,310,1590,710,1920,1830,6360,300,6050,2690,8720,10930,6110,16200,1170,52180,21130,9760,5940,33720,17010,250,87830,340,7780,220,250,1140,150,9880,10420,32370,400,1820,830,450,380,730,47400,4750,1480,6230,455740
2008-11-01,178360,93140,120880,13150,48730,3380,6960,5730,10,470350,158750,112650,90650,39910,19000,27620,21770,470350,15060,54320,115950,236290,16070,12970,19690,470350,89530,3880,3930,680,2860,3240,104120,62370,5760,1620,1650,8250,14320,5740,4200,2120,1340,1380,3350,210,112290,4440,1900,1270,1350,5180,14150,380,1460,480,1940,2040,6300,390,4330,2390,5620,17930,3910,24370,820,59750,28890,9040,6050,39010,14760,380,98130,310,8960,180,340,1020,170,10980,12630,39610,430,1790,890,550,420,850,57170,5600,1860,7460,470350
2008-12-01,241970,124840,141350,18170,68970,5840,5150,5520,0,611800,132560,135660,191800,86590,22240,25590,17360,611800,8970,31150,206550,318910,17800,11900,16530,611800,99710,4730,4180,860,4420,4380,118280,103210,10000,2380,1780,10160,19280,7760,5720,3670,1810,2950,6640,290,175660,7580,2170,1370,2280,8240,21650,370,1600,640,3430,3160,9210,360,5790,2860,12090,21040,4320,32860,1620,80950,31560,15660,7500,37160,16130,270,108290,300,10650,350,450,1910,340,13990,15610,45450,640,3620,1080,630,810,1120,68950,11250,3590,14840,611800
2009-01-01,181760,90440,105990,13370,47110,4570,3880,4780,0,451880,110310,113260,88820,46740,19110,31490,42150,451880,7020,34080,99750,227960,19990,41330,21760,451880,71110,7580,3370,780,2000,1990,86820,60810,6450,1730,1140,8260,13200,4770,4830,2910,1270,1780,3930,100,111170,4750,1490,960,1950,5350,14490,310,1170,830,1690,1850,5850,290,4250,2450,5640,11050,3490,13410,850,41430,54160,13550,9870,26080,18500,380,122540,310,7970,290,420,990,190,10170,13200,34060,860,2920,980,550,560,710,53840,3550,2030,5580,451880
2009-02-01,203630,105170,107680,16660,52590,5000,4110,6920,0,501770,139300,102610,97130,47790,16060,40390,58490,501770,11960,47890,109860,225520,16810,68430,21310,501770,65140,4080,2640,550,2270,2410,77080,81190,6190,1890,1110,9030,17940,5380,4280,2970,1360,2210,4290,200,138040,4580,1810,1060,1100,4900,13450,400,1630,1410,2010,2340,7790,420,5290,3570,7910,17810,3700,16900,1190,56790,46470,12500,8710,37800,17090,520,123100,370,10000,350,550,1200,180,12660,15640,44730,650,2260,1350,630,570,790,66610,4220,2010,6230,501770
2009-03-01,190670,102640,112120,15210,53130,4580,3860,4610,10,486840,151330,119010,101510,43590,14930,26730,29750,486840,12800,54170,123890,232880,16150,27750,19200,486840,80640,2980,2800,680,2110,2600,91810,73310,6760,1430,1370,7270,15210,4300,3890,2240,1140,1780,3030,240,121960,3610,1570,700,820,4080,10790,660,1640,1030,2290,1840,7460,380,7210,2860,6840,19240,4520,20430,1160,62640,33940,11980,7930,41860,16350,330,112380,430,9470,320,660,1120,270,12270,12600,41990,990,2050,880,460,550,1020,60550,5420,1550,6970,486840
2009-04-01,177100,88290,116040,11870,46780,3130,5290,4340,0,452830,136290,129370,94950,34370,13880,21620,22350,452830,9700,39360,130530,219070,15060,20440,18660,452830,98200,3490,3610,690,2220,2450,110660,56070,4870,1020,1040,6790,11230,3520,3150,1370,730,1210,1990,180,93160,2750,1230,430,820,2730,7960,290,1460,610,2540,1720,6620,450,9660,2620,6480,18330,5730,20120,1050,64430,30720,17680,11190,27330,15040,300,102260,310,10240,310,480,1580,170,13080,9220,33280,800,1760,670,400,580,870,47580,5170,1920,7090,452830
2009-05-01,136490,70830,105920,9380,37780,1970,7000,3560,10,372920,126310,105070,67440,26420,10800,19070,17820,372920,12330,43580,101410,171320,13640,13620,17010,372920,90600,4200,2830,630,2370,2560,103190,31860,3370,800,750,5230,7470,2270,2080,880,550,540,980,140,56920,2380,1130,310,580,2080,6480,340,820,470,1480,1560,4670,290,6480,2020,6290,21640,4510,21080,1120,63420,18700,9120,9460,22230,12990,320,72820,380,13550,340,440,780,230,15720,7210,33320,490,1470,630,380,280,590,44370,3910,1430,5340,372920
2009-06-01,128640,66130,108070,9270,37710,1650,6930,3880,10,362280,102470,97310,72150,36260,15210,19010,19880,362280,11190,41940,97620,162300,13240,18740,17250,362280,86160,2460,3420,760,1520,2270,96580,30390,4990,660,790,6270,7060,2420,2010,1060,800,870,1220,130,58670,3650,1520,560,700,2430,8860,340,690,650,2890,2570,7140,330,4350,2380,9880,15590,3700,26320,1230,63780,14110,8800,7290,15820,13020,320,59370,340,9880,250,470,540,320,11800,6430,39320,510,1670,680,550,650,780,50580,4190,1310,5500,362280
2009-07-01,164190,82930,135840,14230,41910,1840,12080,5940,0,458960,107720,103600,107510,50810,14620,37840,36860,458960,15870,44110,112860,188240,13970,61040,22880,458960,103480,2880,4000,850,1710,3030,115950,40400,5000,1730,1880,11360,14320,5730,3550,1810,710,1500,1610,270,89890,5670,2270,460,960,3100,12460,510,1040,3170,5180,3710,13610,460,6500,2970,10160,13610,3610,15240,1350,53910,30190,12630,9100,21650,17400,550,91520,540,9080,370,880,720,210,11790,10270,47220,580,2510,840,670,890,940,63920,3520,2380,5900,458960
2009-08-01,156840,71940,123710,9460,37590,1890,7360,4360,0,413160,127730,112580,87680,29330,10010,23550,22270,413160,17350,45770,99420,193880,15330,21300,20110,413160,98450,2290,3020,920,2270,2490,109440,37390,4150,1280,1070,8510,12780,3100,2140,1040,710,830,1150,190,74350,6830,2880,610,740,3160,14220,460,1010,1060,2490,2690,7710,430,5680,2650,6450,15620,3900,15760,910,51400,23020,10940,8250,30680,15690,430,89010,380,8910,230,490,1120,190,11320,7610,37980,520,1910,630,520,330,720,50220,4080,1410,5500,413160
2009-09-01,157060,76720,128250,12500,48360,2370,7490,4540,0,437290,128100,124850,85110,35160,12060,25430,26590,437290,15630,44650,115930,207650,15640,16820,20980,437290,106980,3710,3970,760,2540,2600,120550,42870,4660,1010,1370,7540,13270,4340,4020,1900,650,1260,2340,100,85330,4700,2030,760,810,3610,11910,380,1160,700,1980,1840,6060,460,5130,2370,15800,15390,3880,17940,920,61890,22630,10070,6050,35960,11720,390,86810,500,8420,270,370,1020,260,10840,8390,33720,570,1850,910,470,530,810,47260,5120,1530,6650,437290
2009-10-01,183700,90440,138330,12310,46880,2720,6250,4200,0,484820,143330,124990,102630,42900,17370,27380,26210,484820,16820,48930,121730,236840,15490,21340,23670,484820,110700,3120,4200,780,2760,2580,124130,61520,5650,1940,1750,9470,16380,5960,4390,2680,1400,1450,3330,300,116220,4840,2350,830,1330,4730,14090,390,1230,770,1730,1860,5980,540,7340,2910,8890,13760,5000,17760,1310,57500,26750,11510,7020,30260,13410,300,89250,550,9120,390,550,1180,180,11970,13980,39680,590,2360,920,500,490,960,59490,4480,1700,6180,484820
2009-11-01,181810,96670,124050,14130,55210,2880,5310,5170,10,485250,153600,121480,96190,42850,20090,28360,22670,485250,16750,56660,128760,232460,14920,15590,20110,485250,90130,3800,3620,820,3370,2580,104330,66570,4780,1540,1580,9940,15540,5420,4420,2920,1210,1570,3750,190,119430,4970,2380,1020,1230,5260,14870,470,1270,800,1710,2850,7100,410,4670,3000,6910,18310,4970,26450,1230,65950,31210,9470,6460,29570,15400,290,92400,380,10010,290,440,1120,200,12440,11930,44540,530,1990,820,490,470,830,61610,5330,1800,7120,485250
2009-12-01,259890,139620,142670,20110,70670,5630,4970,5800,0,649360,134180,147000,205680,90990,23690,28210,19620,649360,9660,32060,229180,328580,16760,13940,19180,649360,98320,5360,5360,1150,4780,4160,119130,102210,8360,2470,2420,12280,20960,7920,7870,3380,2080,3600,7130,480,181150,9020,2430,1240,2380,8670,23740,630,1710,710,4120,3940,11110,890,7180,3690,15940,23850,5160,35080,1720,93520,30790,15900,7810,34760,19100,300,108670,630,12770,520,730,1830,270,16750,16970,54500,770,4310,950,850,1140,1060,80560,10510,4230,14740,649360
2010-01-01,184810,93510,99120,12670,45680,3610,3920,5400,0,448710,114440,94360,91910,46970,20410,35200,45440,448710,7350,40930,106320,205940,18970,46970,22230,448710,67980,7850,3640,600,2120,2010,84190,65300,6160,1770,1620,10600,14760,5050,5360,2800,1400,2050,4660,220,121740,5560,2020,1040,2100,6030,16750,440,1470,1200,1990,2550,7640,480,4900,2370,6620,8740,4460,10160,760,38490,36830,8520,7600,27500,21270,340,102060,410,9340,270,530,1130,250,11940,14230,38970,940,3420,840,590,470,760,60210,3480,2210,5690,448710
2010-02-01,224490,122730,122950,17400,54970,5620,4640,7320,0,560130,155160,135510,102420,49230,16250,41680,59880,560130,14010,54210,118060,261620,17680,73170,21380,560130,69080,4650,3020,660,2080,2450,81940,78430,5160,1790,1630,10300,18060,5440,4790,3150,1320,2570,4340,240,137230,4450,1940,1070,1110,5190,13760,690,1820,2200,2050,2580,9350,510,5800,4660,10060,23670,4020,22170,1450,72330,72940,17200,10650,36950,17250,540,155540,560,11570,320,740,1370,330,14880,14730,47960,750,2360,980,640,560,950,68920,3780,2400,6180,560130
2010-03-01,204450,112440,120730,17700,57020,4300,4030,5660,0,526330,161950,126000,113590,47230,14890,28950,33720,526330,14290,58740,139360,243320,16870,31690,22060,526330,86440,3040,3290,660,2550,2770,98740,79360,5790,1450,1380,8120,17480,4640,4400,2490,1270,2370,3330,270,132350,3630,2020,830,940,4180,11610,1260,1610,980,2130,2250,8230,500,7370,3440,9060,18010,5760,22010,1300,67450,35130,13820,6870,43250,21010,350,120440,520,11910,380,730,1250,280,15080,14070,43330,990,2320,870,440,680,910,63600,6450,2380,8830,526330
2010-04-01,165850,85570,106910,13910,45310,2190,5010,4120,10,428900,141480,121310,77980,31280,12880,22180,21790,428900,14650,47370,117600,195900,14750,19250,19380,428900,97400,3130,4010,770,2260,2210,109770,44840,3450,1090,1200,6180,9900,3090,2810,1190,730,930,1930,150,77490,2510,1180,460,890,2830,7860,320,1170,850,2530,2160,7020,580,10540,3010,7760,15520,5350,18140,1170,62080,32220,12430,6730,25800,17130,320,94630,420,11590,510,670,1590,310,15080,9890,32710,690,1970,650,490,520,1030,47960,5010,2010,7010,428900
2010-05-01,144250,75900,96990,9780,36720,1920,5750,3630,20,374960,138840,96050,63370,26650,11620,20270,18170,374960,14780,56420,93300,165930,13450,13240,17830,374960,85720,4490,3230,970,2460,2210,99070,31680,3380,810,810,5600,7550,2340,2230,800,500,720,1090,130,57630,2660,1020,350,640,2050,6720,290,780,600,1810,1670,5160,380,5090,2440,7390,17210,5340,20840,1130,59820,25910,8620,5680,23170,16160,230,79770,370,13750,360,710,1030,220,16440,8950,32590,400,1550,640,400,320,630,45490,3620,1250,4870,374960
2010-06-01,144480,79790,117670,10340,39580,1930,5770,4130,0,403700,127620,106980,75530,35660,16070,21650,20190,403700,18920,46650,103480,181850,14690,20170,17940,403700,96400,2260,3680,860,1990,2430,107620,27630,4470,700,950,6500,6930,2430,1930,1070,700,940,1470,70,55790,3570,1490,480,720,2680,8950,510,660,730,2770,3470,8130,330,4290,2530,11430,21030,4500,27070,1050,72230,22820,10260,6380,22190,15330,330,77320,700,11690,370,840,1150,220,14970,6690,40960,450,1650,520,590,480,690,52030,4940,1720,6660,403700
2010-07-01,182360,99920,154640,14590,42390,2430,8320,6270,10,510930,129670,124030,107340,53150,16790,41340,38610,510930,20110,49020,111900,222430,15690,69080,22690,510930,114220,2940,4070,860,2130,2820,127030,37540,3860,1580,2110,12400,14340,5510,3850,1850,650,1540,1860,160,87250,5760,2330,630,980,3590,13290,690,1160,3000,7140,4610,16610,430,5800,3680,11080,16060,4780,18450,1920,62210,47700,15120,10240,35300,18600,700,127650,720,10110,370,850,1160,270,13470,9500,41830,660,2550,740,610,970,890,57740,3500,2180,5680,510930
2010-08-01,166860,86850,131470,10270,40130,1610,8960,5140,10,451310,147630,122050,89770,31510,10820,26240,23290,451310,17750,53230,107370,214870,15000,23940,19150,451310,98670,2440,3290,900,2000,2590,109890,34700,3140,1110,940,8860,12070,2710,2110,860,500,1010,1250,230,69490,6620,2470,590,920,3640,14240,650,1080,740,2710,2530,7710,380,6090,2650,7270,17580,4120,18440,940,57480,36790,13530,7720,47480,16570,530,122630,510,10330,280,550,1370,150,13200,8120,37230,460,1950,880,460,390,850,50320,4050,2320,6370,451310
2010-09-01,173780,93410,132320,11820,51750,2250,6400,3960,0,475680,145090,132500,91810,36260,14550,27470,28000,475680,18840,49810,121040,229220,16900,17870,22000,475680,116500,3590,4100,850,2300,2930,130270,40740,3950,1110,1940,7970,13740,4110,3530,1630,860,1070,2210,200,83070,5090,2140,700,850,3610,12400,560,1060,920,2240,2110,6890,410,5380,2310,18610,24810,5350,19830,1150,77840,29080,11090,7260,34830,16530,360,99140,380,9950,290,540,1220,140,12520,9090,32440,540,2040,740,450,410,900,46620,5180,1750,6930,475680
2010-10-01,184540,103230,130130,12260,50220,2810,5790,5490,0,494460,158180,125250,95670,42860,17320,27760,27430,494460,17530,56630,124060,236050,16380,19840,23980,494460,113400,3340,4330,1100,2630,2690,127490,57810,4580,1700,1740,10030,16250,5630,4250,2390,1110,1680,3170,160,110500,5320,2250,810,1140,4210,13720,450,1190,760,2410,1750,6570,380,7620,2800,9010,17260,5680,21170,1250,65140,28790,11750,6960,31530,18650,330,98010,540,10710,310,680,1530,130,13910,10960,36350,670,2020,760,390,490,880,52520,4820,1770,6590,494460
2010-11-01,194320,113810,126890,14060,56440,3450,4460,4670,0,518090,178980,129970,92760,41880,20900,30060,23550,518090,20330,62930,131680,247050,16910,15980,23210,518090,94830,3170,4290,780,2910,3130,109100,66270,4040,1660,1750,9140,15320,5200,4720,2310,1410,1650,4040,180,117670,5030,2210,1160,1320,5280,15000,640,1510,660,1980,2400,7200,440,5280,2320,7750,21320,4680,30330,950,73080,42210,10900,5690,34970,20020,200,114000,530,12630,710,620,1220,260,15970,12200,41150,640,2090,860,610,470,800,58830,4950,2290,7240,518090
2010-12-01,265450,152220,147690,20140,76360,6100,4650,5750,0,678360,150920,150750,210550,93540,22920,28870,20810,678360,8830,37860,239650,340670,17280,14260,19810,678360,109570,5550,6350,850,5270,4540,132130,109130,7320,2280,1880,11570,19810,7480,7290,3380,2000,3400,7130,330,183010,8600,2850,1250,3120,8280,24090,930,1700,820,3870,3260,10590,630,6700,3450,15840,25200,5030,36490,1610,94950,41390,17310,5890,33400,20090,360,118450,610,14980,470,790,2330,510,19680,17060,53760,750,4660,1160,900,920,1250,80470,11100,3880,14980,678360
2011-01-01,196020,107630,96150,13210,48600,4380,3690,4100,0,473780,128050,103040,94080,50120,20030,33570,44900,473780,7530,50490,109140,219150,20440,42520,24520,473780,72870,7090,3630,870,2020,2470,88950,62820,6090,1830,1640,9610,15260,4730,5700,2870,1340,1980,4630,160,118660,5300,1710,1090,2250,5650,16010,470,1420,1190,1550,2490,7120,380,3960,2220,6600,10670,4320,12160,790,41110,59880,11850,6890,22820,21930,250,123620,470,10550,340,690,1300,260,13610,13140,37760,820,3650,880,760,510,770,58290,3670,2750,6410,473780
2011-02-01,225040,132050,111790,17940,61160,5910,4430,6830,0,565140,162300,127940,95930,48440,17030,45330,68160,565140,14030,59250,118570,242410,20020,85710,25170,565140,70640,3970,2920,640,2370,2500,83030,75660,4810,1710,1720,10190,18500,4880,4720,3030,1380,2660,4840,170,134260,4570,1860,1090,1260,4880,13650,590,1560,2420,1830,3050,9450,520,5360,4810,11560,23440,4750,22750,1450,74640,77980,16150,6800,33720,19720,750,155120,630,13390,300,830,1420,310,16890,15380,49790,700,2620,1090,590,700,870,71750,4060,2290,6350,565140
2011-03-01,196410,116170,102840,15560,55360,3360,5450,4940,10,500100,161450,122760,94420,44690,15470,28930,32380,500100,17490,62370,131880,215990,17000,29290,26080,500100,92050,3030,3740,880,2460,2590,104750,62040,4840,1400,1470,7680,15810,4010,4390,2110,1080,1720,3220,140,109910,3670,1810,710,1150,3890,11230,1890,1540,900,1780,1950,8060,440,7410,3080,10250,18860,5100,20720,1140,67010,41330,12160,5850,35850,16550,330,112060,650,14050,480,930,1380,260,17760,13030,42650,1010,2640,910,490,400,980,62110,5500,1710,7210,500100
2011-04-01,175120,97950,107820,15090,51890,2870,5090,4500,0,460320,132890,128930,103480,35950,14500,22620,21940,460320,12090,44810,144690,206150,16290,16610,19690,460320,103440,2940,3690,750,2310,2510,115640,60910,4810,970,1040,6740,10530,3140,3330,1430,790,1590,1950,200,97430,2620,1370,430,800,2740,7970,400,1260,570,1920,1760,5910,490,10650,2450,10130,17700,7160,20240,1050,69880,35080,17660,5770,19060,12740,270,90590,550,12590,370,660,1890,150,16200,9550,34000,600,2200,820,430,480,980,49060,6100,1540,7650,460320
2011-05-01,141050,83580,100180,8570,39160,2000,6300,3670,0,384520,137270,101410,62520,27150,13130,21440,21590,384520,15130,60880,96080,158730,15650,18470,19570,384520,95110,3250,4120,770,2240,2230,107720,27590,3260,650,990,4900,7390,2220,1810,830,530,750,1080,160,52150,2690,1130,330,630,2230,7020,380,800,570,1540,1540,4830,340,7590,1870,8910,21430,5950,19570,930,66590,30210,9770,5730,18170,14920,580,79390,530,14620,330,670,1060,160,17370,7490,32170,570,1840,890,460,370,670,44460,3560,1430,4990,384520
2011-06-01,137620,82930,106370,9370,39800,1670,5700,4210,20,387680,128780,100060,66140,34520,15560,21050,21570,387680,13070,49610,99340,170030,16130,18160,21340,387680,94220,2090,3720,740,1730,2420,104920,26080,4210,680,770,5990,7260,2220,1670,1000,500,1070,1680,140,53270,3190,1250,500,760,2640,8330,550,560,1190,2680,2900,7870,230,5650,2050,13140,16370,4450,28320,1070,71280,27930,9930,8330,15970,13490,280,75930,530,11240,220,710,940,150,13780,6310,36610,350,1550,610,440,430,530,46830,3870,1580,5450,387680
2011-07-01,175730,100140,151580,13340,45430,2020,11000,6390,0,505640,129320,123540,105620,50920,16970,40810,38470,505640,19310,54510,116210,206730,17200,67120,24560,505640,113310,3080,4830,680,1820,3570,127290,35800,3630,1440,1770,10940,12460,4860,3690,1770,720,1650,1690,240,80680,5230,2420,530,990,3040,12210,660,1090,2410,4950,4340,13450,480,6880,3620,11700,17310,4540,19900,1590,66030,53940,14690,9650,30250,18780,620,127920,540,10280,330,910,1050,240,13340,9240,42560,610,2850,850,710,1010,920,58750,3840,2140,5980,505640
2011-08-01,168820,94720,133510,10710,46720,1630,7030,3880,0,467010,151580,132900,86990,32570,11760,26090,25120,467010,16780,53480,110030,224630,17590,23350,21150,467010,105900,2760,4000,1130,2050,2720,118560,35190,3910,850,1030,8610,11740,2650,1890,950,640,760,1260,140,69620,6300,2590,570,970,3310,13750,570,870,890,2710,2330,7360,310,6270,2360,18450,23170,5040,18030,1080,74710,44350,12160,8320,39850,16280,560,121520,610,9440,250,660,1330,130,12420,7790,31070,570,1840,840,540,290,680,43610,3520,1930,5450,467010
2011-09-01,161770,83270,113180,11590,48250,2020,5730,5240,0,431040,140230,104100,77720,36880,14650,27450,30010,431040,18370,52050,113920,185260,18900,18440,24100,431040,92420,2360,4760,1140,2310,3080,106080,41490,5730,1160,1410,8540,12800,3710,3780,1440,880,1000,2150,170,84280,4770,2080,680,840,3070,11440,510,850,1010,1510,1940,5820,510,5340,2430,10280,17790,5380,19960,1110,62800,34110,9910,7770,26920,14340,330,93380,510,11350,320,750,1350,240,14510,8720,30240,1210,1920,900,620,550,930,45090,5900,1760,7660,431040
2011-10-01,189450,102540,130510,12530,51200,2880,5480,4930,0,499530,159040,129210,94100,42800,18490,27980,27900,499530,22330,58060,121810,230520,20820,20180,25810,499530,115320,3730,3900,730,2330,3340,129350,55160,6960,1300,1700,10780,15660,5330,4190,2120,1220,1370,3120,160,109050,5270,2630,720,1280,4410,14300,580,730,690,1650,1790,5440,420,6480,2720,9660,15820,6690,19950,1540,63280,37720,11220,7860,27900,16610,410,101710,540,11470,450,630,1460,160,14700,10590,34630,750,2120,930,510,490,910,50930,7960,2800,10760,499530
2011-11-01,195730,118920,118370,13310,60330,4240,5020,6830,0,522760,178160,128630,93870,44660,20900,30310,26230,522760,22050,69710,133970,239130,18710,15590,23600,522760,100030,2850,4430,730,2790,2850,113670,58370,5020,1300,1510,9260,14270,4870,4240,2290,1430,1640,3990,220,108400,5520,2480,1380,1430,5560,16370,730,1200,770,2120,2700,7510,340,4120,2450,8830,19920,6260,27400,1100,70430,50480,10930,6570,30850,18100,340,117270,750,13640,650,820,1260,250,17370,13150,44430,730,2580,860,740,480,1000,63980,5420,2330,7750,522760
2011-12-01,261820,155980,145190,20540,72770,7380,3840,7260,20,674790,144990,157900,205760,88830,24250,31210,21850,674790,7940,35240,245100,333680,18060,15030,19750,674790,111520,4840,6330,1160,4610,4350,132820,96250,7400,1840,2280,12580,18730,7700,6890,3570,2060,3000,7080,320,169700,8780,2580,1140,3550,8320,24360,1340,1200,760,3470,3240,10010,660,5970,2900,17420,25520,6250,37190,1550,97460,47530,17570,6730,30920,21020,590,124340,860,16560,500,850,2580,420,21760,16430,53360,920,5080,980,950,960,1390,80060,10150,4120,14270,674790
2012-01-01,193270,117370,107970,16600,53640,4260,4060,4820,0,501990,126780,127130,97940,49710,20330,35110,44990,501990,9290,42530,117810,243620,24990,40730,23030,501990,73440,6910,4520,920,2080,2280,90150,60260,7100,1510,1630,9860,13830,4630,5090,2860,1480,2120,4830,210,115410,5200,2270,1030,2540,5190,16230,580,1060,1270,1890,2130,6930,370,4000,3100,7670,11600,4930,13240,840,45760,77400,13910,8180,23300,19910,430,143150,600,10860,290,770,1470,260,14240,14240,41430,1010,4040,1000,810,540,950,64030,3360,2730,6100,501990
2012-02-01,220150,133920,111560,18950,62100,5730,5250,8100,0,565750,158570,116820,103300,52510,16560,46600,71370,565750,16420,63410,128620,228390,19950,85710,23250,565750,77510,3370,3890,710,2400,3400,91270,75180,5400,1750,1620,10860,19000,5250,4460,3210,1550,2790,5000,270,136340,6180,1970,1060,1670,6430,17300,790,1080,2960,1750,2470,9040,470,5150,4330,11510,19070,5700,17820,1340,65380,67650,13340,8140,35380,21880,640,147040,530,14730,420,940,1900,290,18810,15710,50960,620,2610,1420,760,610,790,73490,4290,2780,7070,565750
2012-03-01,208720,125040,119580,16080,60270,3780,5270,5080,0,543830,172420,136950,110920,47380,15640,28370,32140,543830,16790,58770,151910,246410,19980,27950,22020,543830,94890,3200,3570,700,2370,2520,107250,70110,6400,1170,1600,8150,15230,3900,4290,2300,1170,2200,3660,110,120300,3870,1790,780,1510,4440,12380,1920,1150,970,2320,1850,8210,370,6540,2620,12010,19860,5930,21210,1140,69690,54400,15430,7490,39230,17570,340,134460,610,14210,540,890,1390,220,17870,13420,46030,800,2420,1100,690,460,1000,65930,5400,2350,7740,543830
2012-04-01,174500,101560,109590,13990,52470,2520,5690,4760,0,465100,144480,133600,86340,34930,14860,24530,26360,465100,13220,50080,130030,207190,20390,19930,24250,465100,104680,2480,3610,710,2750,2220,116450,44170,4280,960,1310,7070,10050,2650,3030,1330,750,1270,2070,110,79040,3010,1480,560,1080,3450,9580,550,780,560,2150,1820,5860,330,9430,2440,8730,18650,6910,19880,1060,67430,47360,15260,7540,21450,15410,360,107390,490,13780,440,830,2070,240,17850,10280,38000,580,2290,1190,480,430,1030,54280,4840,2380,7210,465100
2012-05-01,143040,87470,99980,8720,41660,2370,6530,3670,0,393430,144460,102880,61650,28500,12540,21580,21820,393430,20320,60830,100540,161020,17670,13310,19740,393430,93110,3860,3750,630,2120,2860,106320,28200,3260,650,920,5490,6800,1850,2000,920,610,670,1140,60,52550,3190,1210,370,730,2440,7930,410,690,660,1290,1710,4760,390,6060,2430,7960,24120,6250,19190,990,67390,35040,8910,6750,19320,13470,350,83860,560,15530,520,790,1110,210,18710,8180,33250,590,2140,900,540,390,730,46710,3570,1630,5200,393430
2012-06-01,144940,84970,122310,10220,43730,2400,7620,4340,0,420510,127890,112710,74510,39100,17700,23910,24690,420510,14440,48800,112650,186580,18320,19240,20480,420510,101940,1990,5180,730,1800,2380,114020,26610,4940,710,1170,6420,6540,1980,1660,750,640,1070,1540,100,54140,3640,1360,440,970,2800,9210,470,550,2020,2890,3070,9000,420,4920,2750,12800,17200,5080,32280,1060,76530,33830,10740,7940,18630,13960,520,85610,500,12320,450,1000,1170,160,15600,7190,37960,600,2050,930,680,370,860,50640,4290,1490,5780,420510
2012-07-01,169360,103120,147630,14090,45810,2220,11040,6590,0,499860,125490,121000,99720,52330,16440,43380,41520,499860,19010,51900,113560,202350,19040,68520,25470,499860,107880,2430,4640,760,1770,2500,119990,32350,4070,1380,1750,11690,12460,4780,3730,1920,620,1770,1770,190,78500,5690,2570,600,1110,3330,13300,650,970,1850,3640,3500,10610,500,5190,3820,11740,16500,5170,21330,1360,65620,60780,14600,10780,30730,16280,690,133860,630,10200,500,840,1150,360,13680,10150,40370,1380,2770,1170,640,890,1300,58670,3260,2390,5640,499860
2012-08-01,176510,104180,139920,11700,49540,2320,9380,5180,0,498740,156600,144350,94890,32640,12000,29780,28480,498740,20980,52650,119750,237590,22600,25030,20140,498740,103100,2230,4520,770,2130,2470,115220,34500,4390,940,980,8760,11800,2290,1860,920,790,710,1400,280,69630,6820,2550,760,1310,3820,15260,840,870,900,2740,2640,7990,380,5380,3060,22030,27880,5200,23340,1180,88450,51980,14630,9290,42120,16230,600,134840,700,11390,520,790,1410,370,15180,7790,33030,1140,2230,930,570,380,860,46930,3510,1720,5230,498740
2012-09-01,162790,94080,137780,12420,52880,2170,7330,6030,0,475470,140270,124620,93480,37670,15210,29790,34430,475470,23530,55630,127590,204890,18840,19970,25020,475470,107560,2840,4940,920,2330,2840,121430,40830,4950,1270,1380,8380,13060,3460,3680,1390,950,1180,2320,120,82980,5710,2320,590,1160,4120,13890,590,1050,620,1550,1700,5510,360,6900,2760,10040,19500,7220,22720,1510,71010,43610,11950,8640,29130,14400,430,108160,880,11720,400,720,1310,380,15410,9160,34050,1500,2250,1390,600,370,1200,50530,4720,1830,6550,475470
2012-10-01,188560,110700,136660,13310,55440,2890,7760,5690,10,521010,167670,132150,96000,42110,19070,30750,33260,521010,21610,63030,130210,241750,19310,18760,26340,521010,119740,2630,4330,960,2040,2630,132330,53900,5250,1620,1830,10140,16380,4800,4690,2000,1280,1400,3250,120,106650,6120,2490,770,1220,4840,15430,480,1010,770,1760,1960,5980,360,7030,2820,10690,18070,8940,21630,1160,70710,44860,12740,8500,26810,16900,560,110350,540,12150,480,650,1470,190,15490,10500,39890,1950,2420,930,670,530,1030,57920,4330,1820,6150,521010
2012-11-01,205910,125790,131390,17190,63340,3690,7300,5500,0,560100,187190,141520,100890,44620,21270,33470,31130,560100,19770,62620,148650,269550,17240,15990,26280,560100,99140,2720,5300,540,3180,2800,113690,61730,4820,1620,1740,10530,15550,4520,4580,2610,1600,1680,3650,270,114910,6390,2480,1440,1870,5990,18160,810,960,540,1740,2540,6580,410,4910,3050,9890,26790,6690,31730,1100,84570,57170,11190,7510,33530,17930,380,127700,650,14810,800,980,1700,380,19320,12560,47390,1730,2420,1140,890,530,1460,68130,4940,2100,7040,560100
2012-12-01,273250,169900,153780,25640,78660,6910,5250,7920,20,721320,151630,168950,222290,94680,26380,31900,25480,721320,11190,38680,264130,353740,17640,15760,20180,721320,110130,4420,8200,950,4750,3430,131890,98140,7690,2040,2110,13530,20040,6700,8050,3690,2550,3590,8440,400,176970,9800,2880,1520,3920,9360,27480,1280,940,530,3930,3770,10450,690,6440,3760,16790,28390,6280,42940,1830,107130,54020,20190,7580,32940,21330,710,136780,1040,22560,1100,950,3070,450,29180,17110,58000,1310,5380,1530,1400,1160,1840,87730,10530,3190,13720,721320
2013-01-01,188870,111750,102450,15230,55130,4760,4800,5690,0,488670,131110,101600,94030,50850,21180,37510,52390,488670,7700,43210,116080,223070,27260,42550,28810,488670,79970,5980,4730,690,2100,2190,95650,60930,9100,1470,1380,10510,14350,4370,5330,2610,1460,2100,4940,210,118760,6080,2060,1250,2430,6140,17960,400,990,1350,1620,2440,6800,400,3760,2420,7880,9880,5550,11390,810,42080,58320,9140,7320,22060,21380,370,118600,350,12150,330,740,1510,250,15330,14530,44210,1540,4190,1280,1030,760,900,68440,3200,1850,5050,488670
2013-02-01,238430,146410,128250,19840,63900,7270,4710,8170,0,616970,175720,155690,109600,50340,17110,44190,64310,616970,14240,58660,136420,288370,19860,74540,24890,616970,73380,3010,3890,610,2130,2570,85580,70300,4900,1900,1760,10690,19320,4280,5100,3270,1580,2850,4540,270,130750,6130,2110,1330,1810,6220,17590,510,1070,1910,2150,3080,8720,500,4720,5300,10370,24170,6130,24550,1260,77010,112060,21570,11250,32640,16560,630,194700,560,14990,470,1030,1620,270,18940,15070,53640,1510,3230,1520,900,700,1150,77720,3730,2230,5960,616970
2013-03-01,220950,139930,127570,18750,65890,4540,6220,5010,0,588870,183410,144660,122970,46210,16440,33640,41530,588870,13140,57370,172020,267140,21360,33520,24310,588870,97850,2710,5120,890,2580,2270,111430,74560,6270,1460,1730,9240,16340,3560,4450,2180,1140,2340,3590,190,127040,4610,1650,930,1670,5000,13860,1550,1530,1480,2770,2430,9760,380,6850,3820,10860,20750,6580,27450,1310,78000,63110,20440,9520,36650,16590,450,146750,600,15960,530,1000,1710,290,20090,13480,51160,1860,2780,1560,830,690,1290,73650,6220,2070,8290,588870
2013-04-01,176770,100110,103840,13660,50830,2710,9190,4420,0,461540,154270,121840,80030,33590,15910,26320,29570,461540,15630,56390,123830,203150,19150,21560,21820,461540,99030,3150,4100,830,2020,2110,111240,40520,3910,1060,1130,7810,10560,2730,3170,1220,820,960,2000,90,75980,3770,1250,700,1290,3450,10460,430,690,820,2060,1870,5860,550,11300,2420,8550,16690,6950,18960,1360,66770,58900,11250,8010,18710,15290,490,112650,570,14920,600,770,1470,220,18550,10150,36730,1110,2480,1310,630,370,1110,53900,4050,2060,6110,461540
2013-05-01,154600,90680,100580,10070,44580,2340,6330,4160,0,413330,155750,109580,61670,28680,12600,22160,22890,413330,18670,56760,107620,177900,15060,15020,22300,413330,93780,2440,3840,790,2320,1890,105060,28080,3370,620,840,5900,7060,2050,1880,1140,570,830,1140,160,53640,3250,1460,480,1050,2340,8570,180,590,650,1610,1700,4720,300,6790,2260,8950,26760,6690,22530,920,75200,45400,10130,7880,17850,14020,430,95710,460,16290,440,800,930,270,19210,7360,32610,940,1890,1360,640,360,930,46080,3430,1720,5150,413330
2013-06-01,161070,93300,123830,9860,46090,1620,7240,4510,0,447520,135380,117190,85240,42010,18430,25350,23920,447520,16330,49460,117940,206920,16660,19960,20250,447520,90980,3070,5480,960,2030,2300,104820,42150,5460,770,940,6470,7490,2370,2220,950,590,1010,1630,140,72210,4270,1420,550,870,3060,10170,380,630,1730,2700,2980,8410,350,5110,3440,13790,16740,4840,38370,1170,83800,39420,12800,9420,15930,14540,450,92570,560,14740,430,860,1080,310,17980,6560,38730,800,2430,1190,670,580,730,51690,4170,1710,5880,447520
2013-07-01,188040,109520,154760,14400,46770,2250,7940,7240,0,530910,138300,128260,111320,51280,17270,42460,42020,530910,15850,55270,126650,222430,16390,68010,26310,530910,115260,1690,5110,620,1970,2130,126790,39780,4260,1540,2090,11490,13000,4140,3710,1910,730,1940,1960,230,86770,5840,2470,620,1280,3150,13350,510,1090,1210,3350,3220,9370,370,6670,3970,11890,17300,5130,22670,1600,69610,73130,16640,10960,29750,15900,700,147080,640,10930,540,820,1180,300,14420,9360,40760,1030,2990,1290,810,920,1140,58300,3120,2100,5220,530910
2013-08-01,190370,112650,142020,13140,53620,2030,10720,4780,10,529350,170020,155660,97210,33490,12880,30750,29330,529350,19130,49780,129380,265820,17120,27090,21040,529350,106990,2960,4410,790,2390,2030,119560,35050,3920,1070,1200,8970,12470,2380,2240,1020,620,730,1280,250,71190,7100,2490,700,1110,3520,14930,510,1350,1450,4510,4030,11850,390,6440,2870,23920,33900,5180,27040,1230,100970,61540,15020,9460,40360,15030,840,142240,800,12410,450,790,1520,220,16200,8620,32130,810,2180,1080,690,380,990,46870,3550,2000,5550,529350
2013-09-01,180970,103720,126130,13340,54410,2140,7780,5410,0,493890,151590,133570,87780,39280,16750,30270,34650,493890,17640,52860,141780,221670,18360,17760,23820,493890,106510,2340,4720,700,2390,2410,119070,40560,4880,1190,1650,8810,14040,3370,3480,1290,970,1020,2510,90,83860,6010,2130,860,1030,3490,13510,560,1100,590,1760,1870,5870,420,5950,3250,10270,23390,5970,24790,1220,75260,58340,13620,9710,25920,16230,460,124280,600,13770,520,730,1550,220,17390,8870,32500,1070,2570,1260,730,560,860,48420,4470,1760,6230,493890
2013-10-01,205820,112370,137040,15150,57510,3020,6490,5350,0,542760,176070,141030,97360,42420,20850,31900,33130,542760,21140,56660,149660,249090,19750,21920,24530,542760,120450,3630,4950,660,2390,3030,135110,54630,5140,1340,2060,10680,16660,4980,4330,2300,1230,1480,3630,190,108640,7080,2940,970,1510,5080,17580,470,830,840,2730,2580,7450,340,7990,3250,11380,20370,8140,25760,1050,78270,43010,13510,9740,28500,16600,590,111950,760,13600,650,670,1340,280,17300,12340,40770,1250,2740,1280,950,410,930,60660,3870,1920,5790,542760
2013-11-01,223960,133040,124010,20150,63200,3920,4700,5140,0,578130,186360,153130,105840,46330,23850,33790,28840,578130,19140,62880,162670,273440,17800,16770,25420,578130,98680,2990,4290,1050,3060,3030,113100,67270,4780,1550,1900,10740,15960,4620,4530,2080,1400,1720,3970,220,120750,6870,2490,1480,1760,6730,19330,570,990,580,2290,2570,7000,440,5520,3270,10130,34210,6230,36810,1290,97900,51970,14690,7610,29210,16650,610,120740,950,16300,820,1030,1930,390,21420,13690,49150,1310,2540,1170,990,700,1170,70720,5000,2170,7160,578130
2013-12-01,308030,189170,155140,27700,89800,7460,4760,7690,10,789760,164520,196780,246520,98350,25820,34150,23610,789760,14680,39600,298440,385710,17320,14040,19960,789760,118370,4890,5960,1360,5160,3840,139570,114400,7710,2160,2390,13490,22840,6690,8540,4000,2530,3560,9480,480,198270,10660,3400,1710,4220,10060,30050,1050,1450,990,4790,4780,13050,630,7490,4630,18800,37230,7160,52820,2310,131070,55560,24160,8440,33220,20080,940,142390,1260,20770,720,1020,3310,510,27610,16260,63860,1700,6410,1630,1380,1250,1820,94310,9960,3480,13440,789760
2014-01-01,225950,132120,110450,19380,59800,4900,4530,5370,0,562510,147930,134950,113720,56480,23110,37270,49060,562510,7780,41160,149480,273520,27930,37670,24960,562510,79730,6140,4230,710,1850,2290,94950,66040,8440,1550,1770,11110,15850,4390,5370,2850,1540,1980,5320,330,126530,7070,2530,1680,2520,6800,20600,440,1130,1330,2700,2540,8150,270,4210,3230,8520,15950,5740,18180,860,56960,97720,16320,8890,19830,22100,430,165300,530,12040,390,730,1500,340,15530,13880,44710,1660,4540,1480,1120,640,1160,69190,3160,2130,5300,562510
2014-02-01,261470,145940,121480,22870,67450,5590,4550,8280,0,637630,187490,150610,112810,54580,18250,46990,66900,637630,13110,57830,155520,288180,20630,75410,26950,637630,78830,3250,3460,690,2360,2140,90730,76260,5010,2030,1990,12390,21530,4880,4740,3070,1510,2670,4860,290,141230,6250,2120,1640,1840,6120,17970,590,1150,2140,2150,2830,8860,600,5400,5820,11380,24680,6170,23690,1300,79050,105950,18660,11580,31580,18510,860,187140,830,16580,610,1290,1700,360,21370,16260,58720,1470,3980,1970,1000,820,1070,85300,3870,2090,5970,637630
2014-03-01,237870,141520,121090,20610,65920,3760,5480,4560,10,600820,200990,154570,110240,46070,17590,32830,38530,600820,17610,62320,166600,280510,18370,31760,23650,600820,95620,2970,3120,680,2430,2580,107400,67920,5100,1510,1930,9300,17260,4170,4510,2080,1240,1970,3710,240,120940,4740,2080,1130,1740,5080,14770,1420,1240,1380,2470,2400,8920,410,6860,3900,11070,27430,7380,30650,1230,88960,70130,16050,10060,37940,16450,760,151390,760,16360,640,1290,1740,320,21110,14640,56540,1600,3580,1600,810,590,1410,80750,4430,2160,6590,600820
2014-04-01,203490,116160,114320,17090,59140,3230,10830,4280,10,528560,155850,153010,109210,37810,18270,26210,28190,528560,12760,45660,168280,244620,16800,19770,20670,528560,110530,3380,4310,680,2430,2510,123840,55040,5150,1060,1540,7890,12700,3130,3630,1540,940,1570,2350,230,96780,4080,1830,790,1260,3620,11580,450,1270,700,2480,1900,6800,600,9870,3110,10150,22140,8220,23020,1510,78610,61120,22570,9180,17570,14700,470,125610,670,17070,440,660,2200,200,21240,10350,39990,640,2800,1060,690,570,930,57030,4730,2340,7070,528560
2014-05-01,180320,111450,105520,14050,48140,2270,6760,4360,0,472880,172510,133720,72940,30160,14770,25300,23470,472880,27630,57110,126950,208560,14930,15660,22050,472880,101820,2890,3520,670,2350,2580,113830,28190,3190,740,1040,6830,8760,2530,1990,960,700,830,1320,250,57330,4190,1570,600,1030,3450,10830,410,630,640,2220,2070,5960,270,7300,3080,11060,31930,7360,28490,910,90400,49080,13230,10290,19740,14710,480,107540,1080,21710,680,970,1360,330,26130,8630,39540,680,2810,1370,760,530,1030,55340,3460,2040,5500,472880
2014-06-01,166080,101000,114400,13300,49330,1500,8070,4220,0,457900,142070,127980,76910,40750,19340,26420,24430,457900,16560,51000,129060,207810,14970,19060,19420,457900,93780,3340,4650,670,2210,2700,107350,26090,4120,750,1220,7110,6590,2100,1610,1110,620,1180,1820,60,54370,4340,1660,560,840,2990,10380,420,540,1330,2550,2990,7840,240,5310,3630,13920,26560,5310,44000,1390,100370,46180,12670,10350,17060,12620,430,99320,830,17250,440,1060,1050,270,20900,7110,39500,510,2310,910,730,470,770,52310,3820,1250,5070,457900
2014-07-01,201340,134700,158600,17500,56760,2210,12140,6390,10,589650,148230,159960,119160,55440,17890,45540,43430,589650,24700,47980,139090,271210,16540,67650,22480,589650,115320,2390,4690,850,1950,3030,128230,38720,4190,1510,2240,12730,13750,4470,4820,2080,710,2070,2260,200,89750,6530,2970,770,1400,3920,15600,450,810,1450,4790,3810,11310,540,6250,4980,25820,31040,5160,25420,1790,100990,83430,16820,11340,31580,15500,1030,159710,740,12780,690,810,1370,280,16660,9990,41710,620,4250,1200,890,1020,1190,60870,3420,3110,6530,589650
2014-08-01,194120,116810,147500,14320,50660,2140,10350,5000,0,540910,172020,152170,102740,35310,14560,32700,31410,540910,21020,53840,131920,263450,17060,30070,23540,540910,107260,3590,4040,710,2370,2660,120630,36330,4000,1020,1480,9870,14060,2400,2150,980,640,950,1510,300,75670,7220,2580,670,920,3900,15290,410,670,2420,4890,3860,12250,390,6130,3760,11290,23870,5760,24400,1320,76930,73870,17780,11440,42360,16260,890,162600,1040,14800,350,1010,1770,370,19340,7460,37640,660,3070,1440,690,560,820,52340,3800,2060,5860,540910
2014-09-01,188280,110730,132020,15180,60000,1930,8580,5030,0,521750,160240,144580,94000,40890,16840,31510,33690,521750,22520,50790,144780,243580,19010,18230,22830,521750,112850,2230,5100,680,2440,3430,126740,42470,4370,1100,1700,9070,14410,3380,4270,1470,930,1350,2240,190,86940,6610,2540,840,970,3850,14820,530,990,800,1930,2210,6460,350,5070,3460,11360,28840,6920,27810,1360,85180,62330,13340,9910,25010,15230,530,126350,670,14290,750,690,1580,240,18210,8240,35490,750,2810,1490,710,450,890,50840,4450,1770,6230,521750
2014-10-01,210560,132110,145290,17470,62420,3800,8490,6520,20,586680,189080,158140,104470,45740,20720,33060,35460,586680,22750,59430,151570,265780,29010,26270,31850,586680,128500,3820,5300,800,2440,3080,143940,54640,5210,1560,1840,11360,18160,4360,4420,2370,1250,1520,3410,110,110230,6770,3230,1080,1450,4990,17530,520,820,950,2390,2580,7260,400,7550,3630,11750,25780,8600,28780,1550,88050,59110,14310,9420,28560,15790,580,127760,850,16260,860,770,1700,310,20740,11560,45950,770,3270,1310,610,590,1010,65080,4100,2000,6100,586680
2014-11-01,233180,145420,127140,17980,67350,6020,7680,6390,80,611230,205190,165790,105720,47690,23510,33860,29460,611230,29430,63480,166530,275790,26070,20380,29550,611230,102720,3590,5000,650,3330,3170,118460,62570,4680,1640,2110,11120,16580,4440,5680,1920,1480,1860,4010,170,118260,6410,3040,1880,2010,6330,19670,700,1040,830,2230,2790,7600,450,5420,4100,10050,30160,6960,38070,1180,96400,70590,15280,8060,29180,17590,540,141230,980,18000,880,710,1870,380,22810,14870,55380,860,3870,1330,1050,940,1220,79520,4840,2450,7290,611230
2014-12-01,314940,195610,162020,27970,88740,9010,4480,9040,30,811830,167050,198690,255220,102640,27710,35500,25020,811830,9840,35350,309900,378920,33500,18100,26230,811830,117840,5460,6560,900,5590,4920,141270,102920,8230,2400,2690,14740,24090,6490,8850,4150,2510,4060,9660,440,191210,10010,3500,1910,3730,9950,29100,1410,1450,1270,4540,4630,13320,590,7410,5400,18630,38350,8240,50170,2060,130840,71520,24310,9600,33340,23360,1140,163270,1270,22960,1380,890,3460,570,30540,17120,66530,1070,7410,1620,1700,1270,1680,98400,9770,4110,13880,811830
2015-01-01,214350,137520,106810,18480,55370,4960,3960,5980,0,547430,142810,119860,108100,54790,24050,42690,55130,547430,10930,41600,156120,228910,32370,47760,29740,547430,82040,7300,5460,850,2280,2360,100280,69690,7590,1700,1910,11870,17070,4460,6040,3020,1640,1820,5420,270,132490,6930,3170,1460,2040,6460,20070,660,1090,1550,2410,3250,8960,430,4290,3090,8600,12660,6490,13400,1100,50060,74160,11470,8490,21080,23980,610,139800,660,15640,680,910,1700,650,20220,13650,46140,1080,5110,1420,1100,830,1040,70370,3260,1920,5180,547430
2015-02-01,281790,189010,136820,25260,71600,7060,5250,9270,0,726060,192820,204340,141520,60000,19590,46020,61770,726060,14450,54030,182970,342810,31270,73800,26720,726060,79980,4060,3500,630,2460,2690,93310,73460,4630,1780,1990,11790,19470,4160,4650,3050,1410,2630,4840,280,134130,5880,2810,1860,1330,5990,17870,660,1110,2200,3160,2990,10120,490,5590,6050,13470,27220,6610,28710,1520,89660,165510,22260,12250,32050,20860,980,253900,1440,23270,810,1320,2610,360,29820,17670,62870,850,4720,1900,1130,650,1350,91130,4120,2000,6120,726060
2015-03-01,265090,172420,133500,21430,69950,4780,5540,6520,20,679270,208360,176590,138610,50630,19070,38970,47040,679270,16540,59860,197270,308350,24110,42940,30210,679270,104060,3340,3910,660,2760,2660,117390,82510,6680,1640,1690,10220,19430,3780,5470,2530,1360,2390,3900,360,141940,5340,3210,1220,1220,5360,16350,1730,1350,1470,4190,2620,11360,460,6250,5640,12570,26330,8400,29990,1460,91100,83780,20790,11400,34420,19410,780,170580,1610,23720,860,1680,2910,420,31200,16430,64450,1120,3900,1580,910,830,1720,90940,6130,2280,8410,679270
2015-04-01,206130,129150,118720,17510,59800,2950,11090,4800,0,550150,176170,161100,93990,38530,17640,29220,33500,550150,17560,49390,159190,247460,26120,26290,24150,550150,113500,3900,4670,630,2690,2610,127990,47250,3800,980,1360,8190,11720,2730,3390,1510,860,1060,2200,420,85490,3740,1960,800,930,3630,11050,430,880,850,2310,2040,6500,850,10450,4860,10720,26120,8320,26030,1710,89060,73360,18730,9560,17710,16380,580,136320,790,20400,560,800,2950,280,25790,10400,42990,730,3320,1450,820,630,1050,61380,4460,2120,6570,550150
2015-05-01,185950,114570,111290,12420,49060,2400,5690,4260,10,485660,182520,134490,72660,30420,14500,25110,25970,485660,18300,55750,129040,214910,25370,18910,23380,485660,104690,3390,4170,720,2070,2490,117530,29690,2620,650,770,6780,8890,2160,2050,860,570,610,1310,170,57130,3340,1740,480,710,2600,8880,440,580,710,2220,1650,5600,420,6520,3510,9700,32470,7840,28580,1020,90060,62710,13390,10380,19360,15600,470,121910,650,23220,650,840,1400,250,27010,7620,38990,610,2530,1360,680,460,790,53040,3130,1370,4500,485660
2015-06-01,171900,113940,120410,10270,50790,2310,13620,4910,0,488150,154100,130590,83340,45540,20750,26880,26950,488150,16130,48210,135800,213990,25130,25460,23430,488150,102130,3370,3960,800,1870,2660,114800,26930,3570,600,1040,6730,7170,1960,2020,1040,730,1180,1690,120,54790,4080,2020,660,840,3000,10600,580,620,1020,2380,2440,7030,450,5040,4670,14370,27050,6430,42110,1240,101360,55590,13950,10360,18100,12460,590,111060,550,18120,540,760,1220,210,21400,8080,46440,650,2750,1150,900,580,910,61460,3760,1910,5670,488150
2015-07-01,214220,140420,174460,16930,58880,3320,12130,7900,0,628270,163220,166120,125650,57270,18190,50410,47410,628270,15380,46810,152820,271370,28250,84530,29110,628270,128100,2650,4980,830,1740,2890,141190,41170,3920,1570,1950,12480,13330,4780,4570,1990,650,2070,2080,230,90780,6640,3330,810,980,3310,15080,420,1040,2220,6200,4190,14060,540,6600,5330,26150,30300,6940,26870,2020,104750,95300,20550,12440,29780,15410,990,174470,860,14680,850,650,1680,320,19030,9330,44600,600,4470,1390,940,1060,1240,63630,3250,2030,5280,628270
2015-08-01,213400,129560,146490,13730,55360,2640,8210,4740,20,574140,182560,166420,106070,35870,15140,35070,33000,574140,17850,49440,153840,269060,26710,34850,22390,574140,113260,3540,4020,830,2430,2530,126600,38170,3640,1200,1300,10130,13650,2610,2330,900,530,690,1550,280,76990,7980,3260,900,770,3580,16490,680,1060,1190,3900,3240,10070,520,6220,4310,9680,25610,7130,30550,1100,85130,85940,20060,12510,41510,16820,1050,177890,920,17170,880,980,1970,200,22120,7620,38360,660,3110,1270,810,510,1070,53400,3360,2080,5440,574140
2015-09-01,204230,130300,146070,13790,62750,2910,6980,4980,0,571990,170600,167870,103840,42040,18520,32650,36480,571990,20130,48450,172830,265520,21990,20420,22650,571990,120750,2810,4320,630,2490,2780,133770,43100,4220,1180,1770,9450,14560,3610,3620,1480,920,1230,2510,170,87810,6500,2940,1010,660,4400,15510,680,1330,1020,2240,2580,7860,480,5960,4300,9940,32840,8200,31790,1180,94690,77030,15180,11260,29110,15290,540,148400,880,16240,860,680,1980,310,20960,8690,40050,910,3130,1420,810,580,950,56520,4520,1940,6460,571990
2015-10-01,226460,152620,151540,15970,62470,3950,6690,6100,0,625800,199690,171590,112210,47340,23400,35790,35780,625800,23390,53900,157870,314870,21260,27720,26790,625800,131590,4570,4480,1010,2990,3010,147650,56230,4720,1440,1910,11150,19130,4680,4750,2320,1230,1620,3850,170,113190,6150,3610,1520,940,5030,17250,730,1170,760,2360,2280,7300,660,6970,4750,12520,23260,10690,27710,1290,87860,76530,17330,11210,29270,18470,710,153520,820,16730,1230,820,1860,210,21670,12370,51250,810,3320,1370,810,550,1160,71650,3900,1800,5710,625800
2015-11-01,251080,169380,141970,17850,73050,6060,5830,6320,10,671540,224070,188650,117870,48320,25620,35690,31320,671540,23080,62730,162210,342780,27090,29880,23770,671540,107260,3940,4640,980,3380,3050,123250,67190,4100,1600,1820,10730,17080,4450,5260,2380,1490,1690,4160,220,122160,6220,3090,2300,1190,6760,19570,880,1210,710,2780,2650,8230,490,5860,4870,11200,33920,9210,44810,1170,111530,87900,16500,11000,32910,22370,720,171410,900,20320,1090,1030,2350,360,26030,13050,60210,890,3350,1440,1290,780,1140,82150,4890,2310,7200,671540
2015-12-01,350330,231930,176140,27090,94760,9240,4060,7750,10,901320,195350,227290,273530,107630,32510,37160,27850,901320,7490,31830,309180,476820,27430,26960,21600,901320,124590,5760,5550,790,4860,3690,145240,112800,8630,2540,2790,15180,23780,6650,8840,4010,3060,4260,10080,340,202960,10570,3930,2400,2340,10250,29500,1470,1440,1180,4680,4900,13680,850,8360,5950,18610,42900,8980,56600,2610,144850,94090,27670,10370,36690,29730,1360,199910,1460,26280,1560,990,4330,520,35150,16660,82280,2180,5880,2300,1760,1400,1980,114440,11170,4430,15600,901320
2016-01-01,245020,162400,123610,16530,55790,5550,3590,5180,0,617670,158070,144550,126290,61490,26180,44880,56220,617670,9380,39190,141100,318620,26490,52540,30360,617670,88810,7470,4340,700,2020,2280,105630,70420,6700,1740,1970,12060,17190,4500,6050,3320,1810,2030,5740,260,133780,6830,3110,2120,1610,6760,20430,720,1250,1430,2110,2900,8400,520,4420,3580,8590,12850,6850,15100,940,52860,115290,13580,10800,24740,28110,680,193190,660,16320,600,740,1630,360,20300,14490,52580,1770,3960,1950,1130,790,1060,77750,3140,2180,5320,617670
2016-02-01,316290,209120,148240,22590,81070,7610,4700,8980,0,798610,218110,220670,144750,60330,22210,55140,77400,798610,16920,57490,166240,411650,23670,94110,28540,798610,79010,3450,3460,640,2790,2720,92060,81670,4490,2070,1700,12850,21920,4540,5170,3610,1420,2880,5190,290,147800,6100,2660,1920,1310,7080,19070,870,1470,2370,2760,3360,10830,650,5660,8190,12150,33500,7800,31470,1800,101220,175010,28570,16060,42790,28180,1220,291830,1130,21010,1120,1260,2680,540,27730,17770,71920,1500,4200,2250,1190,890,1290,101010,4440,2620,7060,798610
2016-03-01,298660,187650,153120,21540,78120,5400,5270,7590,0,757350,229710,217050,151860,56090,20510,38200,43930,757350,16210,56020,203430,397040,23260,36620,24760,757350,105380,3840,3880,800,3440,3060,120410,87400,6840,1520,1820,10310,20690,3800,5000,3020,1150,2470,3730,410,148160,5130,3110,1730,1060,5450,16470,2420,930,1120,3730,3100,11290,600,7570,5770,12800,30890,10670,37040,1460,106810,102650,29090,14490,44130,24410,780,215560,1080,23670,1250,1260,2150,260,29670,16340,72520,2550,3920,1980,1110,830,1530,100790,5770,2430,8190,757350
2016-04-01,235320,146960,131910,15610,63200,3500,8270,5720,0,610500,199090,183660,101640,40260,19890,32170,33780,610500,19490,52050,153910,310130,18450,27080,29370,610500,114010,3850,4160,630,2620,2960,128220,46690,3270,1130,960,7710,12210,3010,3580,1550,820,1170,2110,300,84520,3870,2510,1070,870,3570,11900,510,1040,480,2340,2180,6560,990,13240,5230,10570,27400,9470,32420,1800,101120,97900,15350,11840,25780,20570,540,171980,960,22100,1070,1150,3270,370,28930,10120,50910,1660,3270,1960,990,560,990,70470,4900,1910,6810,610500
2016-05-01,204520,132470,122980,12290,56600,2830,5530,4050,0,541280,195080,160540,80890,33030,17110,26880,27750,541280,17020,56800,126370,273960,18240,19350,29540,541280,104050,3260,3600,880,2460,3370,117630,30060,2480,730,950,6880,8850,1900,2140,950,660,610,1340,120,57690,3670,2020,620,630,2950,9890,500,560,630,1750,2200,5640,460,7930,4460,10910,38080,9860,35490,1590,108770,71990,13910,13020,23090,18930,430,141380,740,27600,1100,1130,1740,270,32580,8210,46760,1280,2910,1720,840,460,980,63180,2980,1560,4540,541280
2016-06-01,199940,134940,136350,12420,57630,3160,6120,4510,0,555070,169060,164560,93800,46740,21360,30320,29230,555070,13890,47980,147610,277630,20010,24990,22960,555070,108420,3460,4330,830,2120,2730,121890,28790,3680,690,1080,7350,7650,2020,1990,1200,770,1220,2120,100,58660,4540,2030,680,660,3210,11120,810,560,950,2980,2930,8230,780,6570,6170,20100,27020,7920,49140,1500,119210,66050,17160,12700,20560,17790,700,134960,780,21560,850,1460,1570,330,26550,7570,53380,820,2940,1540,1180,540,850,68830,4270,1360,5630,555070
2016-07-01,248040,168990,184900,19640,67730,4160,13540,8790,0,715780,173390,198750,146930,63830,20930,56770,55180,715780,18530,49320,152870,344480,23400,97020,30160,715780,130340,3100,5100,740,2470,2350,144090,42690,3900,1830,2280,13110,14590,5890,4910,2430,750,2030,2210,250,96850,7270,3900,850,730,4090,16840,660,910,2220,8580,4980,17350,720,8230,6910,27750,37000,8890,29680,2090,121280,119790,23180,15510,34980,20700,1250,215420,1300,16390,930,1390,2090,260,22360,10000,55530,1130,3810,2070,1130,1150,1260,76090,3330,2170,5510,715780
2016-08-01,233070,147170,161530,14390,59170,3120,9470,4210,0,632140,197580,189540,120290,37140,16650,37270,33670,632140,16840,51810,144560,340540,19600,31590,27190,632140,112100,3610,4030,1050,2710,2060,125550,39280,3450,1260,1360,10320,13960,3070,2250,1150,720,870,1660,160,79510,8560,3920,980,830,4260,18550,790,930,1330,4010,3950,11020,620,6750,4910,10570,30630,8580,30740,1210,94020,94370,22060,15090,51500,21090,1060,205170,850,20070,1170,1350,2390,320,26160,8860,50300,900,3110,1730,890,410,960,67160,3420,1580,5000,632140
2016-09-01,231420,145180,163710,16830,72190,3310,8440,5950,20,647040,192440,199200,115720,44090,20500,36400,38700,647040,22680,48700,168600,329200,23770,26920,27170,647040,133570,2460,4910,970,2650,2750,147310,43630,4200,1420,1730,9840,15150,3750,3550,1580,990,1130,2350,120,89430,6380,3590,1100,770,4730,16570,920,1430,750,2720,2380,8200,980,6700,5460,13170,41200,10350,37360,1380,116600,82390,15250,14900,33900,22020,680,169140,1190,19780,1190,990,2760,350,26270,10350,46680,1540,3870,1800,1000,790,1040,67060,4540,1910,6450,647040
2016-10-01,249410,169770,169250,17820,71470,4220,7200,6770,10,695920,213430,193970,136890,49760,25180,39710,36970,695920,21890,56420,161380,345940,31860,41090,37350,695920,130450,4880,4090,840,2920,2810,146000,60580,4830,2210,2440,11550,21900,5400,5380,2760,1560,1570,3840,170,124170,6910,4360,1620,1040,5880,19810,810,1190,550,2440,2330,7320,920,8520,6700,14900,31900,13040,31100,1490,108570,86290,18900,13160,35400,21850,830,176440,910,20530,1740,1040,2500,310,27030,13930,56610,1220,3680,1800,950,670,1280,80140,4190,2260,6450,695920
2016-11-01,280130,181350,145220,18310,77780,6900,5440,6690,10,721830,240900,201660,127600,50660,27500,39390,34110,721830,21860,64000,178660,384920,22330,23220,26840,721830,109550,3720,4150,1110,3970,3300,125790,67590,4160,1710,1930,10720,18640,5530,5150,2490,1600,1720,4530,290,126060,6310,3820,2360,1200,7200,20890,1210,1190,660,2450,2950,8460,880,6570,5770,12440,36310,8340,42240,1390,113940,97090,18000,12920,38670,26220,540,193440,780,23800,1640,1050,2780,340,30390,15810,68770,1570,4310,1720,1410,740,1440,95780,4740,2350,7080,721830
2016-12-01,377470,254120,185360,29220,103400,10760,5960,9810,50,976150,204550,257070,299410,111000,34440,39730,29940,976150,11030,32230,335630,515890,28100,27030,26230,976150,129500,6280,6400,1130,6510,4700,154520,116750,8680,2580,2730,16400,26510,7230,8870,4670,2800,3740,9880,590,211430,10830,5230,2490,2890,11700,33140,1800,1730,1310,5030,5160,15030,1130,9560,6900,26650,43180,11280,57980,2770,159450,99420,32630,12470,42330,30230,1570,218650,1750,29430,2410,1600,5200,660,41050,18690,90570,2770,7260,2540,2000,1300,2070,127210,10670,5000,15670,976150
2017-01-01,297840,190760,133540,20230,63790,7090,4080,6620,20,723990,178560,197500,153340,63960,28240,44520,57870,723990,16160,40370,155430,392440,35110,58920,25570,723990,87710,7220,4250,940,2440,2250,104810,72610,6400,1830,1970,12280,20210,4980,6240,3560,1720,2270,5890,300,140270,7510,3110,2230,1740,7610,22200,720,1290,1120,2470,3160,8760,780,4680,7110,9760,16990,7640,18830,1360,67150,166870,22010,13680,28850,32420,870,264690,820,17960,970,1100,2070,360,23280,15440,59560,2260,4700,1750,1270,880,1290,87140,3270,2410,5670,723990
2017-02-01,313880,206910,141680,25050,75650,7440,6620,10340,0,787580,213520,181920,145790,66300,24800,66010,89230,787580,18090,59250,173020,358810,31630,120330,26440,787580,82640,3770,3090,880,3420,2290,96100,87710,5000,1770,2000,12920,22790,4970,5320,3480,1940,2500,5380,300,156070,6400,3260,2270,1500,7790,21230,1040,1420,2210,2880,3740,11290,860,7800,8400,14310,27060,9260,27390,1910,96970,143430,21080,16550,41410,29750,1160,253370,1500,26320,1690,1820,3220,450,35000,20930,77140,2550,4430,2430,1350,1020,1380,111240,3640,2670,6310,787580
2017-03-01,305540,194860,152560,22410,78240,6020,5670,6860,70,772230,250660,212440,140910,59370,23230,41780,43850,772230,19510,62390,197560,404940,21010,41180,25640,772230,109030,4220,3980,1120,3060,2670,124080,78830,5090,1650,2010,10050,21600,4480,4910,2590,1160,1980,4020,340,138710,5690,3100,1690,1310,5630,17420,2910,1320,1080,4290,2780,12390,650,7440,6230,13750,34880,9920,36030,1720,110620,111130,19130,13870,50760,23710,860,219470,1320,24470,1780,1660,2610,400,32240,19470,77330,2370,5180,2200,1230,610,1840,110230,4700,2380,7080,772230
2017-04-01,275910,171090,144470,17440,71030,4700,8150,7170,50,700010,205580,220260,137070,43490,24010,32680,36930,700010,16980,45810,189970,366370,22200,34890,23790,700010,115150,3890,4400,1120,3210,2700,130470,57330,4710,1010,1340,8160,15200,3590,4330,1680,950,1630,3020,360,103310,3940,2440,1150,1030,4330,12900,680,1320,770,2820,2430,8020,1120,14140,7010,13760,30730,14350,34330,2200,117640,101810,32630,13500,23660,22940,900,195430,1320,25560,1150,1350,3770,360,33520,13470,65200,1990,4250,2040,1310,980,1310,90550,5560,2620,8180,700010
2017-05-01,222860,140710,128360,13020,58990,3450,7280,4390,10,579090,199700,174420,90520,36450,19260,29050,29690,579090,20520,57500,142390,297530,18350,21630,21170,579090,104900,3220,3770,990,2810,2750,118440,30250,2460,640,880,6510,9470,2400,2210,920,600,670,1530,80,58610,3470,1770,700,880,3260,10070,580,750,580,2150,1960,6020,480,7680,6510,11540,40590,12080,37960,1160,118000,80110,17900,13200,25070,20010,790,157080,1120,31110,1370,1590,1960,390,37550,8700,50210,1290,3690,1760,950,520,1270,68390,3280,1640,4920,579090
2017-06-01,221400,148840,139920,14080,61400,3890,9840,6610,30,606010,186630,175140,103560,52010,24090,32330,32240,606010,17680,50640,163990,300790,22900,28790,21230,606010,108000,3580,3500,900,2720,3000,121700,29160,3530,640,920,7330,8080,2050,1990,1220,790,1260,2160,110,59240,4320,1900,720,610,3090,10650,560,730,1000,4000,3270,9560,720,6850,8490,30890,35150,10860,48350,1860,143170,76370,16560,14300,22020,17780,760,147780,1190,24680,1190,1240,1720,340,30350,8050,61520,940,3260,1590,1220,670,950,78200,3390,1970,5360,606010
2017-07-01,269510,173800,194860,20690,61460,5430,10020,10620,20,746410,175210,203130,154660,67460,23560,65160,57220,746410,25890,55120,180340,332950,16780,107400,27920,746410,131550,2750,4630,600,2790,2530,144850,40570,4460,1630,2340,13410,14070,6480,4740,2520,720,2330,2390,290,95940,6950,4250,1030,920,4430,17560,970,1020,1950,7910,4570,16430,1050,8460,9510,19280,27760,9520,28900,2070,106540,149830,25430,16330,37190,20090,1470,250340,1430,19590,1540,1820,2120,510,27010,10310,59230,1590,4090,1970,1290,1310,1370,81170,3770,2800,6570,746410
2017-08-01,257000,170040,172140,17850,64730,4700,8960,7430,50,702900,217050,225330,126740,41960,19360,38080,34380,702900,28310,56940,182190,359360,17610,35080,23410,702900,115740,3770,3510,1180,3250,2390,129830,37910,3360,1210,1370,10000,13420,3150,2230,1010,690,850,1750,430,77370,7860,3920,1040,830,4390,18040,1080,1110,1300,5250,4060,12800,870,7380,7290,13590,44580,9580,36040,1470,120800,116380,27750,18190,53810,21190,1450,238740,1230,22920,1470,1440,3020,510,30600,9300,49490,1160,3920,1880,1240,970,1390,69350,3590,1780,5370,702900
2017-09-01,247690,151830,158140,20550,64720,4920,8250,7460,20,663590,194900,201220,119450,47160,23810,38910,38130,663590,28350,55240,198240,309320,19880,27660,24890,663590,124030,2960,5270,1100,3560,2910,139830,41170,4180,1230,1640,10080,15670,4350,3650,1400,1100,1220,2250,230,88170,6200,3590,1040,1070,5020,16920,1100,1250,640,2760,2390,8150,930,8420,7830,14630,32000,10110,33480,1350,108750,97690,19660,14340,33890,26370,730,192680,1410,24050,2200,1240,2940,400,32240,9250,49050,1770,4220,1830,1100,920,1310,69450,5000,2390,7390,663590
2017-10-01,279160,177210,171110,20190,71830,6330,8190,7330,10,741360,225030,224790,128890,52790,28840,41640,39380,741360,31730,67220,204680,356260,19550,36520,25390,741360,139860,4660,3990,1300,3400,3550,156750,58100,4600,1850,2120,11620,21330,5850,5240,2650,1500,1720,4030,290,120910,6580,4160,1630,1040,5880,19290,910,1040,490,2390,2810,7640,750,8790,8000,13960,30290,10960,35540,1410,109680,100400,22160,16330,34890,27940,1030,202750,1020,24070,1870,1280,2450,470,31160,13180,60770,1940,4620,2460,1400,760,1390,86530,4180,2460,6640,741360
2017-11-01,302790,195260,154570,23240,77960,8560,6520,8170,40,777090,248430,228240,140250,55820,28520,41610,34220,777090,29200,71630,230170,380920,17190,23840,24140,777090,114530,4310,4510,1240,4590,3270,132460,74890,4500,2050,1930,11540,18850,5540,5320,2890,1860,1880,4640,320,136200,6080,4050,2190,1300,7770,21390,1200,1170,680,2620,3070,8750,830,6640,8060,14750,37090,10400,44270,1450,123490,101350,21010,12700,40100,27310,1040,203510,1700,27760,1910,1400,3670,650,37090,18210,75530,1810,5050,2140,1570,970,1550,106840,4820,2560,7380,777090
2017-12-01,389480,263240,196800,32460,103960,13740,4790,10530,40,1015040,197550,272660,317310,117160,36090,42450,31840,1015040,14600,37750,418420,487950,14410,23820,18090,1015040,126370,6070,5630,1320,6420,4760,150580,124360,8870,2930,2960,15720,27660,7610,10380,4610,3150,3890,10280,620,223030,10300,4860,2610,3010,12240,33020,2240,1690,970,5610,5100,15620,1230,9590,9420,22570,39650,12620,51850,2240,149170,111540,35880,16940,42900,32700,1630,241600,2620,34080,2820,1840,5990,800,48150,21270,95540,3880,8310,2820,2080,1810,1940,137650,10840,5400,16240,1015040
2018-01-01,270170,190960,139380,21910,59810,7810,4200,8260,80,702580,165320,172690,144930,69370,32110,51480,66680,702580,13310,47260,199220,323630,25330,68400,25420,702580,88390,7190,4280,1000,3190,2540,106580,76190,6240,1910,2040,12620,19350,5600,6150,3490,1970,1900,5860,400,143720,7700,3830,2490,1960,8910,24880,850,1420,1270,2560,3210,9310,830,5500,5780,9620,13730,9040,15610,1190,61290,118310,15860,14760,31370,34530,930,215760,1330,23350,1450,1500,2710,490,30830,18500,69910,3480,5720,2360,2080,1000,1400,104450,3300,2440,5740,702580
2018-02-01,360980,243500,168500,29330,82050,12290,4250,13630,0,914530,221620,267040,183970,67470,24680,66410,83350,914530,19980,63320,227550,449380,17550,111350,25400,914530,83770,4640,3220,1010,3580,2640,98870,85410,4490,2040,1860,13190,24490,5640,5620,3850,1830,2880,4960,450,156700,6120,3410,2020,1430,8020,21000,1160,1620,1960,2660,3630,11030,850,6090,12470,15070,30670,8860,32560,1580,108140,227410,34090,20760,42100,26640,1440,352430,2130,27950,2140,2120,3770,480,38590,21740,83990,3360,4930,3490,1450,950,1670,121580,3780,2400,6180,914530
2018-03-01,343770,222700,173800,25160,83580,9300,5280,8700,50,872350,253710,244570,179800,65500,27700,49730,51350,872350,24040,65370,277620,408660,17980,49290,29400,872350,116020,4380,3510,1380,3700,3250,132240,90750,6520,1930,2010,11420,22620,5090,5280,3170,1500,2940,4190,420,157850,5390,3640,1760,1390,6260,18430,3110,2090,990,4030,3240,13460,1150,8450,9700,16210,34940,12300,40140,1860,124750,122490,36240,18540,50110,26270,1020,254670,2110,32900,2370,2080,3370,350,43170,21140,80380,4080,5390,2940,1460,1010,2160,118560,5690,3530,9210,872350
2018-04-01,258380,173780,144960,20240,60040,6160,6370,9820,20,679780,196060,208390,120480,46540,26220,41140,40950,679780,23070,58330,206060,309640,17270,38890,26520,679780,111240,3750,4000,1270,3790,3500,127540,52930,3570,1310,1310,9830,13060,3850,3720,1660,900,1340,2170,250,95890,3930,2770,1100,1090,4200,13080,820,930,640,2530,2490,7410,1350,13810,8330,13200,28420,12060,28840,1840,107850,109260,20840,15890,26740,21610,1220,195560,1460,31010,1950,1640,4600,560,41210,13060,57300,2330,4550,2670,1290,940,1550,83690,4930,2600,7530,679780
2018-05-01,229400,153190,135660,15130,58350,4400,5520,7790,0,609450,207600,181680,91650,39050,22200,34070,33190,609450,32240,61860,184850,270190,15580,23610,21120,609450,107540,4010,3260,970,3200,3370,122350,31550,2620,690,980,7400,9390,2560,2370,1130,610,860,1250,100,61510,3740,2290,770,790,2840,10420,810,770,640,2180,2150,6550,820,8680,7770,13100,33640,12740,37870,1450,116050,89540,19030,16750,26040,20010,950,172300,1280,38070,2340,1660,2440,480,46270,9010,48270,1880,4200,2220,1200,580,1230,68590,3660,1730,5390,609450
2018-06-01,229540,164970,156160,14880,62410,4690,6490,7470,40,646650,188770,195740,115720,49680,25660,37530,33550,646650,21630,51100,205960,301160,15270,31790,19740,646650,112330,4190,3730,840,2990,3660,127740,28780,4270,560,1070,7640,8170,2400,1990,1100,780,1460,1850,140,60200,3800,2600,900,850,3470,11630,680,710,1410,3160,3420,9380,750,7360,10160,37680,40860,13040,47690,1660,159190,77360,20740,16540,23230,19750,910,158530,1700,29250,1810,1500,2470,460,37190,7910,58230,1300,3930,1810,1420,600,1130,76330,4600,1860,6470,646650
2018-07-01,271210,191350,206470,20190,58770,5350,8860,12070,100,774360,173870,214530,158910,66620,24490,74920,61020,774360,28520,56980,199130,330840,14260,118840,25800,774360,132760,3010,4380,1070,2810,3000,147030,39210,4520,1760,2400,13870,15390,6960,4890,2780,820,2260,2360,220,97430,6970,4490,1150,970,4080,17660,640,1200,2040,7530,4640,16060,1180,8840,10710,18240,29820,11580,30830,2290,113500,153500,29120,19710,38640,21960,1870,264810,1510,22940,1710,1560,2420,600,30740,10240,57310,2260,4390,2440,1380,1170,1550,80740,3740,2660,6400,774360
2018-08-01,264220,183120,191630,18310,65920,3790,8190,6490,50,741710,224220,245380,130570,41810,21900,41710,36130,741710,25450,58590,204640,376230,15790,38520,22490,741710,124630,4300,3850,1270,3170,3580,140810,38500,3910,1310,1500,10900,12780,3440,2440,1290,720,950,1500,250,79480,8680,4760,1250,810,4410,19920,820,1060,1510,4410,3580,11370,1330,7650,9300,16350,43800,11830,37140,1630,129020,117060,29730,19060,58570,23840,1730,250000,1540,26840,2220,1510,3570,520,36210,9060,48040,1520,4390,2460,1490,490,1260,68710,3700,2500,6200,741710
2018-09-01,251580,167310,169090,18620,64560,4800,7010,7200,20,690190,192420,214640,126420,48850,27070,41390,39410,690190,31780,59790,203970,318330,19060,31580,25690,690190,127020,3470,4260,1620,3970,3390,143740,43310,4490,1230,1970,11200,15380,4700,4230,1810,1010,1530,2430,300,93590,6240,4070,1280,980,4820,17390,870,1630,780,2240,2650,8170,870,6640,8480,14390,38200,11780,34020,1800,116180,97640,20670,15570,38430,21410,1090,194810,1210,27290,2120,1720,3610,580,36510,11010,47310,2020,4510,2940,1510,1090,1430,71810,5390,2600,7990,690190
2018-10-01,283930,190240,169300,20490,70660,6290,5050,7980,10,753960,227730,224960,133050,53120,31370,44110,39610,753960,35350,64580,219580,351170,18460,36100,28720,753960,137100,4060,3760,1450,3250,3620,153230,60820,5390,1810,2630,14000,19040,5350,5230,2580,1650,1720,3490,470,124180,6670,4820,1690,1190,6540,20910,980,1210,770,2300,2900,8160,1240,9670,9730,14740,28180,13410,35550,1510,114020,101320,22650,15820,40620,19300,1250,200970,1190,26560,3630,1240,3150,720,36490,15810,61690,1430,4330,2510,1340,970,1340,89410,3980,2620,6590,753960
2018-11-01,306210,215210,153530,24480,78830,9150,5560,9120,90,802160,249840,242930,142710,54370,31440,44100,36770,802160,33200,66360,236530,390830,17430,26370,31440,802160,117320,4210,4430,1300,4520,4390,136170,68150,5450,1800,2380,13270,18580,5650,5460,2570,1820,1980,4090,350,131540,7080,4530,2820,1610,7890,23930,1210,1310,580,2730,3080,8910,810,6600,8120,14960,40030,11480,49550,2060,133590,102910,22270,14390,43580,24070,1160,208370,1250,32280,3030,1380,3690,770,42410,19510,75780,2010,4740,2140,1880,990,1690,108740,4700,3800,8510,802160
2018-12-01,403740,282610,204530,31490,104110,14550,5540,11230,90,1057900,202470,291190,329940,121010,38600,43540,31140,1057900,14990,38880,425550,509280,14860,25810,28530,1057900,126880,6560,6040,1380,7470,5470,153790,117850,10870,2700,2920,17260,28870,8510,10550,5060,3340,4460,11450,670,224510,11580,5870,2720,3240,13120,36530,1330,1780,1170,5350,4980,14610,1160,10120,10270,25350,38880,15580,58180,2450,161990,115340,37510,15030,49900,28600,2160,248540,2120,39260,4370,1740,6270,1300,55060,25110,100900,3310,6740,2890,2590,2070,2460,146060,11540,5270,16810,1057900
2019-01-01,282660,205580,141460,22480,58910,8540,3420,8030,50,731130,169170,185060,158100,68430,33300,51560,65510,731130,13520,47770,197380,353090,26580,65240,27560,731130,92670,7310,3990,1200,3260,2780,111210,73990,7190,1920,2090,14130,18690,5600,5830,3710,1930,2340,5100,340,142880,7280,4300,2530,2070,8500,24670,760,1370,1150,2210,3070,8560,920,5050,7520,10380,12690,9590,18290,1140,65590,142850,17150,15430,31200,29770,910,237310,1300,24660,1680,1450,2540,740,32370,18770,67640,2770,5480,2470,2210,1260,1640,102230,3620,2690,6310,731130
2019-02-01,357420,259060,165280,30240,82460,13270,5110,14420,0,927240,229510,263030,170410,66830,29090,75000,93380,927240,22530,62460,232090,441800,20300,121260,26790,927240,92290,4610,2990,1080,3420,3450,107840,85330,5860,2350,2070,14280,26230,6170,5610,3820,1820,2660,5330,400,161950,6140,3880,2510,1670,8690,22890,870,1750,1810,2640,3500,10580,1340,6510,13280,14990,29240,10780,32180,1880,110190,206280,34520,21570,44540,30930,1560,339400,1900,32420,2800,2130,3620,800,43670,24100,84210,2440,5190,3630,1850,1100,1670,124180,3870,2680,6550,927240
2019-03-01,314010,234430,166420,24700,74810,8730,4920,8280,50,836350,256490,243670,148830,57870,28340,50610,50540,836350,29750,69040,239850,400350,17360,52260,27750,836350,109920,4220,3570,1320,3620,3400,126050,74000,5780,1680,1860,11430,21970,5740,5150,2800,1390,1880,3590,390,137650,5680,3330,2140,1620,6390,19160,1590,1240,1240,3900,2580,10550,860,8380,8710,16020,30320,12210,38610,2030,117140,124370,23090,15710,53470,26130,1110,243880,1880,33990,2940,1850,3800,570,45020,22680,89180,2950,5870,3150,1660,910,2250,128650,5730,2530,8250,836350
2019-04-01,267170,180000,148810,20480,62860,6540,7250,7220,30,700370,193700,219840,141780,47200,26550,34130,37170,700370,21570,48090,236910,323290,14970,32900,22640,700370,119220,3450,4030,1410,3670,3110,134890,59150,5720,960,1820,9170,13450,4190,3780,1960,910,1840,2390,420,105760,4060,2910,1070,1020,4610,13670,650,1670,920,2110,2410,7770,1910,13280,8500,13470,24690,15820,29850,2330,109860,96240,31030,12730,32760,16700,890,190350,1410,30920,2310,1730,4470,500,41340,15180,60830,1690,4590,2310,1510,1260,1530,88910,5390,2420,7820,700370
2019-05-01,251990,176510,144290,17540,61100,4640,6060,6140,10,668280,215050,209950,102410,42050,24830,37420,36570,668280,30390,58440,197500,314820,17140,28090,21890,668280,117520,3620,3800,1630,3470,3610,133650,29980,3330,950,1140,8010,9240,3060,2450,1170,760,740,1240,180,62250,3710,2570,820,800,3430,11330,680,840,930,2540,2060,7050,1040,8610,8450,22900,41860,16160,41610,1770,142410,94690,21120,14640,27960,18830,1150,178400,1640,40550,3350,1610,2510,460,50130,10410,56410,1340,3860,2230,1530,720,1220,77720,3500,1830,5330,668280
2019-06-01,235050,170790,156510,16450,62950,4540,7070,6960,10,660340,185750,205770,113080,52980,27910,38700,36150,660340,23860,53300,199820,311440,15910,35040,20960,660340,109910,4260,4400,1250,3120,3190,126140,28290,4010,890,1220,7880,8350,2920,1950,1160,840,1250,1800,190,60750,3970,2390,910,930,3650,11850,520,710,1460,2260,3420,8370,1180,6930,12160,33050,31640,14380,59040,1960,160340,80680,20720,16390,24630,19160,1010,162600,1380,34330,2370,1760,2210,460,42510,8430,62690,1230,3440,1700,1670,940,1230,81320,4420,2030,6450,660340
2019-07-01,268050,201930,206910,21950,65260,5670,9460,11130,10,790380,174950,226210,165910,68820,26130,71990,56370,790380,29110,56030,208710,347490,14520,108020,26500,790380,133630,2480,4670,850,2770,3400,147810,39300,4590,1960,2480,14040,14610,7360,4730,2430,730,2310,2170,390,97110,6680,4360,960,1130,4470,17590,650,1420,1860,6950,4450,15330,1410,8770,12870,20680,29440,12670,34020,2400,122270,150390,31110,17180,43000,20930,1750,264370,1570,26040,2190,1600,2740,560,34710,11030,61530,1630,4380,2340,1460,1420,1640,85420,3350,2430,5780,790380
2019-08-01,282800,196970,194200,19450,72990,5950,8820,8000,10,789200,230550,267540,137570,41390,22470,51700,37990,789200,33330,54620,210020,401070,16360,48400,25400,789200,124710,4370,3900,1630,3690,3150,141460,36130,4300,1240,1470,10950,13190,3540,2430,1130,680,860,1410,370,77700,7880,4720,1150,800,4760,19300,750,1110,1350,4880,3840,11920,1370,9710,10740,16940,46630,13590,44210,1770,144950,128280,33800,20850,63070,20960,2230,269190,1880,33310,3370,1830,3800,580,44770,10550,51980,1400,4060,2010,1680,820,1250,73740,4120,2050,6170,789200
2019-09-01,251730,168980,160010,22780,69390,5130,8450,8460,30,694960,196470,214670,120140,49610,27450,45660,40960,694960,32570,58220,212680,311880,19280,34860,25470,694960,126990,3790,4500,1880,3530,3910,144600,41300,4260,1140,1880,10490,14420,4570,3660,1590,860,1170,1940,290,87580,5880,3960,1180,1070,4970,17070,740,1510,760,2060,2550,7620,1600,7490,9790,15760,33400,12580,36260,1810,118690,98990,19910,15200,40750,19980,1190,196010,1570,32020,3530,1770,3700,500,43080,10900,48380,1810,4550,2940,1560,930,1420,72510,5260,2520,7790,694960
2019-10-01,285200,195580,169720,23440,77630,6830,7460,8110,40,774020,237620,230660,132610,54810,33220,46350,38760,774020,35230,62290,224700,361630,19610,40030,30530,774020,142970,4700,4220,1510,3420,3600,160420,60940,5850,1880,2470,13310,18960,6850,4870,2530,1390,1550,3460,290,124350,6220,4640,1720,1440,5940,19960,900,1400,900,2710,2600,8500,1190,9930,10540,16310,30420,14200,39430,2070,124090,102710,22780,16540,39700,19820,960,202500,1550,29040,3840,1420,3730,750,40330,14510,60200,1710,4450,2100,1660,970,1580,87180,4270,2400,6680,774020
2019-11-01,298050,220340,166020,23320,83910,10320,4370,9520,50,815910,254090,243980,142410,56030,35530,46070,37790,815910,40100,67070,242730,393980,18840,27160,26020,815910,120410,5010,4230,1700,4660,4880,140900,68880,5360,1700,2220,13090,18600,6670,5010,2540,1810,2130,3640,410,132040,6820,4490,2940,1640,7960,23850,1080,1260,780,2660,2830,8610,1300,7290,10160,15550,36240,11480,48700,2340,133060,101390,22860,14830,45530,26010,1160,211780,1680,37380,4030,1620,4060,660,49420,19110,75040,2120,4650,2110,2140,1130,1590,107880,5560,2790,8360,815910
2019-12-01,388710,299560,212050,33300,111800,14900,4480,12920,10,1077720,218240,297290,321810,121180,40670,45710,32820,1077720,17700,38460,443530,514880,14780,27160,21210,1077720,143530,6750,5090,1650,7040,5570,169640,118530,11030,2850,2880,16950,29380,8080,9260,4810,3250,4660,10540,860,223090,10890,5910,3130,3720,13490,37140,1420,2000,1350,5460,4530,14770,1610,10750,10740,25680,38330,15090,56300,2890,161380,111800,37060,13540,52030,31260,2010,247710,2490,44640,5700,2140,6780,1010,62750,23940,99900,2740,7430,2600,2830,1820,2320,143580,12220,5440,17670,1077720
2020-01-01,280350,218240,148730,24430,73320,10450,4010,7020,40,766590,176220,211830,161040,67220,32790,50270,67220,766590,11690,40320,210820,377820,29800,66180,29950,766590,97060,7130,3740,1540,3270,2520,115270,72100,7750,1590,2110,12810,18510,5260,5310,3410,1700,2010,4940,340,137850,6930,4390,2550,2010,8390,24270,880,1630,1400,1890,2650,8440,1060,5070,10900,9940,14390,8910,19420,1520,71230,156610,26830,18730,34020,29440,1300,266920,1130,24450,1890,1450,2610,810,32350,18280,70550,2180,5320,2360,2360,1360,1540,103950,3750,2570,6310,766590
2020-02-01,252660,181500,131350,22070,74980,9370,4390,9080,10,685410,184670,149720,139130,63320,26490,57750,64330,685410,19260,53460,209610,285580,20320,72520,24660,685410,87920,4450,3000,1210,3250,2930,102760,84750,5680,1990,2340,14320,21990,6570,5080,3850,1510,2610,4670,410,155780,5380,4070,2670,1860,8530,22520,860,1450,2150,2680,3450,10590,1220,6320,12290,15970,20420,10410,24030,2160,92810,21330,24960,13860,43770,21060,1080,126070,2170,37470,3510,2620,3880,900,50550,23090,78340,2780,4610,3620,2340,1070,2020,117880,4060,2390,6450,685410
2020-03-01,114510,97620,62110,11410,35490,4310,1670,4700,70,331890,79230,70230,62370,31630,16350,34110,37970,331890,6950,21920,112410,124450,10980,40680,14490,331890,48180,1960,1790,530,1890,1440,55800,39360,3250,1090,1170,7020,11770,3070,2690,1350,690,1060,1700,180,74400,2250,2440,1020,1050,3720,10470,80,620,630,1870,1340,4540,540,3330,5110,7540,9540,6030,13030,1090,46220,27940,7820,3140,13310,2720,300,55230,1110,20130,2250,1690,1850,310,27350,10110,34330,1730,2980,1690,1160,560,1150,53710,2810,1360,4160,331890
2020-04-01,720,480,640,70,250,10,10,60,0,2250,840,40,160,210,260,550,190,2250,0,150,810,150,160,30,950,2250,370,30,40,0,20,80,540,140,10,0,10,40,170,20,20,10,10,10,10,0,440,10,10,10,10,40,80,10,0,10,60,30,120,10,30,20,130,30,80,60,10,370,50,50,10,30,10,0,140,10,80,10,20,20,10,140,30,180,50,10,20,10,10,30,350,60,10,70,2250
2020-05-01,1420,770,640,100,370,20,60,60,0,3440,1570,50,210,410,390,550,270,3440,10,300,1260,120,280,60,1410,3440,1190,40,50,10,20,10,1320,340,20,0,10,30,20,20,10,20,10,20,10,10,530,20,20,20,10,70,150,10,0,30,60,40,120,0,50,10,60,20,70,100,20,330,90,80,30,70,30,10,300,10,110,0,40,30,20,210,40,320,0,10,0,10,0,10,390,50,30,80,3440
2020-06-01,1920,1140,1320,90,510,10,290,120,0,5400,2240,60,390,610,610,1060,420,5400,20,530,1980,130,570,90,2080,5400,1440,30,60,10,20,20,1590,570,40,10,10,60,70,30,20,10,0,0,10,0,820,60,50,50,30,260,450,10,0,30,150,90,280,0,60,10,90,20,110,170,0,460,180,140,50,50,20,10,450,10,160,30,30,20,10,260,70,710,10,30,10,0,10,30,880,190,30,220,5400
2020-07-01,1570,310,920,100,460,30,30,80,20,3530,880,40,340,670,490,740,370,3530,10,420,1430,120,450,100,1000,3530,500,40,100,0,10,30,680,410,30,20,10,50,60,40,30,10,10,20,20,0,680,40,50,20,20,170,300,0,10,0,100,70,180,0,30,10,80,70,140,140,30,490,130,150,20,40,20,10,360,0,120,0,10,0,10,140,100,540,10,10,0,0,0,0,670,10,10,30,3530
2020-08-01,1600,220,600,50,460,10,30,60,0,3030,690,40,350,440,430,690,410,3030,10,410,1110,50,480,70,910,3030,370,80,70,10,10,10,560,310,30,10,10,20,30,20,10,10,10,10,20,0,510,30,10,20,20,150,230,10,0,10,60,50,120,0,30,20,40,50,70,130,30,370,160,110,10,50,40,0,380,10,220,0,20,10,20,280,40,450,10,10,0,0,10,0,520,40,20,60,3030
2020-09-01,1880,330,730,100,300,20,270,90,0,3720,500,60,220,530,460,980,970,3720,10,530,1360,70,790,100,860,3720,350,60,80,170,10,30,700,430,60,10,10,40,50,40,20,10,0,10,10,0,680,40,20,0,10,110,180,10,10,10,60,50,140,10,30,20,60,40,170,190,10,510,200,130,20,80,30,10,470,10,210,0,10,40,10,280,80,610,0,10,0,0,0,10,720,20,20,40,3720
2020-10-01,3440,640,990,180,640,50,40,80,0,6070,660,110,580,1010,990,1530,1190,6070,30,910,2420,140,1160,140,1280,6070,900,70,100,140,40,250,1510,670,80,10,20,120,110,60,40,30,10,20,20,10,1210,90,60,30,20,170,370,10,10,20,60,80,180,10,40,40,100,50,210,230,10,690,340,110,30,60,40,10,590,20,360,50,10,20,10,470,120,700,60,20,0,0,0,20,940,80,30,110,6070
2020-11-01,4520,740,1130,290,670,50,50,110,0,7570,650,170,600,1390,1620,2020,1130,7570,20,840,3950,290,1120,90,1240,7570,1640,70,110,40,30,230,2120,840,60,10,20,90,140,50,30,30,10,20,40,10,1350,80,50,20,30,150,330,10,30,30,110,80,260,0,50,20,170,70,210,350,30,920,340,220,20,160,50,0,790,30,330,20,10,40,20,450,180,950,20,30,10,10,0,30,1220,90,40,130,7570
2020-12-01,4720,1620,1100,220,680,300,40,140,0,8820,450,170,860,2080,1640,2180,1450,8820,40,580,5350,420,1110,200,1120,8820,2520,50,160,150,30,200,3120,880,70,10,30,110,110,80,50,30,10,20,20,10,1420,50,50,20,20,130,280,20,30,30,120,90,280,10,60,20,180,90,120,470,150,1110,320,330,30,80,60,0,810,20,320,20,20,30,20,430,150,1000,20,20,20,10,10,30,1250,60,70,120,8820
2021-01-01,2910,2040,1500,260,650,340,100,180,10,7990,540,140,560,1990,1200,1700,1860,7990,40,1330,2810,230,1450,450,1680,7990,1580,50,130,440,50,170,2410,740,90,40,40,170,120,110,40,30,10,20,30,40,1490,140,90,60,50,280,610,10,10,30,80,60,190,0,30,20,120,100,150,350,20,790,380,240,40,130,60,0,850,10,300,10,20,40,20,400,150,890,40,30,10,10,10,30,1170,60,20,80,7990
2021-02-01,2790,920,1410,220,670,80,50,100,0,6260,460,150,630,1090,900,1500,1530,6260,20,910,2450,180,1140,440,1110,6260,1570,50,90,10,60,320,2100,630,70,10,10,120,110,80,30,20,10,10,20,10,1120,60,40,30,30,180,340,10,20,30,60,70,190,0,60,20,110,70,200,210,40,710,250,130,10,70,70,0,530,20,320,10,10,20,10,390,90,670,10,20,20,0,10,20,830,30,30,60,6260
2021-03-01,4130,1280,1370,210,780,120,360,80,0,8320,500,190,930,1620,1200,1820,2050,8320,50,1100,3610,270,1800,220,1260,8320,2060,50,140,150,120,410,2920,810,70,30,10,90,150,60,50,20,10,20,30,10,1360,60,30,30,30,210,360,10,30,20,80,80,220,0,80,100,120,100,190,320,40,960,260,110,40,90,70,10,580,20,400,10,20,30,30,510,120,1110,20,30,10,0,0,10,1310,60,40,100,8320
2021-04-01,10940,4030,5100,650,1360,220,130,170,0,22610,5640,5480,4030,2240,1280,1860,2090,22610,110,2230,14520,1970,2040,210,1530,22610,16320,50,50,420,40,740,17610,660,60,20,30,110,120,70,40,20,10,30,40,0,1210,90,40,40,30,160,350,20,20,30,90,90,240,0,70,40,150,90,320,230,30,920,310,160,20,110,70,10,690,10,280,10,30,50,30,410,130,880,10,10,10,10,10,10,1060,60,60,120,22610
2021-05-01,16490,5850,9850,780,2300,360,240,320,10,36190,10870,8500,6650,3340,2000,2340,2490,36190,560,5070,21520,4070,2650,340,1980,36190,28510,50,80,560,30,740,29960,860,80,20,30,160,180,110,30,30,20,30,30,10,1590,120,50,40,40,230,470,10,30,30,160,110,360,10,80,60,150,90,370,570,60,1390,360,200,30,190,80,10,870,30,120,10,20,30,40,240,160,970,20,30,10,0,0,20,1210,40,70,110,36190
2021-06-01,16880,2490,13030,780,2410,400,330,440,10,36770,9430,8800,6820,4450,2410,2190,2680,36770,400,3900,21110,5660,2630,320,2760,36770,27390,50,80,650,100,830,29100,870,100,10,30,220,140,50,60,30,10,30,40,10,1600,120,80,40,40,250,530,10,30,50,340,170,610,20,90,50,150,130,430,670,40,1580,360,300,30,360,90,20,1160,10,250,10,20,40,30,350,180,1440,20,40,10,0,10,30,1730,50,70,120,36770
2021-07-01,6160,3280,5800,640,1950,360,340,200,0,18720,2590,4470,4110,2600,1440,2100,1420,18720,70,1450,11000,2670,1520,490,1530,18720,13160,60,60,310,20,100,13700,740,80,20,20,140,150,60,40,10,10,20,20,10,1320,80,40,10,20,140,290,10,40,20,200,90,370,0,60,20,90,90,270,320,30,870,250,190,40,80,70,10,640,10,400,10,10,20,10,450,130,780,30,20,20,0,10,20,1010,30,30,60,18720
2021-08-01,1450,1390,1850,190,830,180,390,110,0,6390,1020,130,490,1000,810,1400,1540,6390,20,710,1700,120,1800,140,1890,6390,1010,50,110,850,20,320,2360,550,110,20,20,80,80,30,20,20,0,20,20,10,960,30,20,10,30,120,200,10,20,0,120,30,180,0,50,40,100,40,210,360,20,800,270,70,30,40,30,0,450,0,410,10,10,30,250,730,80,400,50,20,0,0,0,10,580,100,30,130,6390
2021-09-01,730,720,1270,230,560,130,700,90,0,4430,290,100,390,780,490,990,1390,4430,10,500,970,40,1440,60,1410,4430,100,30,40,360,30,470,1020,380,80,0,10,50,70,30,20,10,10,20,20,0,710,30,20,10,10,130,200,0,0,10,50,50,110,0,30,20,300,40,210,310,30,940,140,80,30,30,10,0,280,10,320,10,10,20,420,780,70,230,0,10,0,0,0,20,340,30,20,40,4430
2021-10-01,980,610,1390,170,660,340,190,60,0,4410,330,140,630,570,440,750,1560,4410,0,550,900,50,1870,80,960,4410,210,30,50,440,40,700,1460,380,50,10,10,110,60,40,20,10,10,20,20,0,720,50,30,20,40,200,330,10,0,10,30,40,90,0,20,20,30,60,330,180,30,670,160,60,20,40,40,0,320,0,310,0,20,30,70,430,60,230,0,40,0,0,0,10,340,30,20,50,4410
2021-11-01,10210,6510,1320,500,1090,530,240,460,0,20860,1210,1970,3310,4050,3290,4000,3030,20860,190,1350,14020,1250,1780,240,2030,20860,1070,50,110,200,120,540,2090,2790,180,40,40,300,310,200,140,70,40,70,90,20,4300,190,140,40,50,380,810,60,180,120,390,270,1020,20,140,180,350,380,580,3140,90,4870,1030,470,60,120,210,10,1890,90,2320,130,110,330,350,3330,410,1710,10,60,10,10,10,40,2250,190,110,300,20860
2021-12-01,37150,26340,3340,1580,1810,1040,340,1680,10,73290,1900,4480,18720,18770,9020,10420,9980,73290,450,1830,53400,4860,2630,5410,4710,73290,3780,80,230,500,520,560,5680,12480,920,170,240,1430,1630,830,700,330,100,210,460,100,19590,800,450,170,120,1230,2780,240,460,260,1190,890,3040,100,680,730,1160,1150,1200,9170,140,14340,2780,1080,130,610,1260,130,5980,420,7530,1180,850,1000,290,11270,1700,7450,110,340,70,140,70,180,10070,150,400,550,73290
2022-01-01,26850,21740,5790,2640,1130,720,400,1480,10,60760,2290,2980,9690,11180,7410,11590,15630,60760,470,2550,35940,4070,4860,8810,4070,60760,2330,270,240,260,900,270,4280,9720,1200,160,220,1570,1300,580,330,260,110,180,370,40,16050,820,580,200,160,1030,2800,270,230,280,590,730,2110,170,770,990,940,960,830,3210,170,8040,3740,900,280,860,1450,90,7320,520,7910,1270,600,800,100,11210,1710,4950,130,370,110,170,120,160,7700,930,330,1260,60760
2022-02-01,34900,29440,14860,4300,2870,910,1000,2150,20,90460,3860,7170,16200,14360,8200,16420,24250,90460,920,4840,49830,6340,5450,18390,4690,90460,4820,230,340,150,980,210,6720,13810,1250,230,260,1980,2130,900,560,330,150,290,530,60,22480,990,560,200,200,1180,3130,380,300,410,740,850,2670,200,1230,1890,1580,1780,1710,5440,350,14190,7720,1510,620,1170,1750,120,12890,660,11260,1320,1000,1040,580,15860,2670,6700,160,560,110,330,120,190,10840,1100,580,1680,90460
2022-03-01,62610,47660,30990,6720,16810,1740,690,2990,40,170250,15860,26110,39090,27720,14500,22230,24740,170250,2640,14310,104650,22510,8490,11190,6450,170250,18800,1200,770,290,1690,840,23600,27960,2600,430,600,2930,4690,1630,920,620,280,380,880,110,44030,1590,1110,510,240,3620,7070,690,560,440,1390,1160,4240,230,2350,2120,2820,3040,2710,13590,450,27310,5130,2520,950,2170,2530,170,13470,1020,17280,2780,1680,1800,180,24730,5070,14480,390,1560,380,520,170,330,22890,2050,850,2900,170250
2022-04-01,82280,65620,44920,8470,27060,2330,1430,3340,20,235460,25310,50430,66870,29700,14490,23390,25260,235460,3280,16120,146440,42600,9430,9510,8070,235460,42500,2730,1130,250,1950,770,49330,31890,3200,470,660,3410,4740,1860,1690,880,370,510,900,140,50730,2000,1250,420,140,3270,7070,410,1100,360,1390,970,4230,540,4190,3610,5600,4110,3660,21410,780,43890,3550,2580,1090,3380,3620,140,14360,950,26570,2590,1180,2130,190,33620,5670,17540,970,2270,830,560,250,490,28590,2590,1050,3640,235460
2022-05-01,81990,61660,47610,8330,24680,2050,2000,3140,30,231480,41250,55180,46270,22330,15250,25160,26040,231480,9200,26470,114360,50640,10750,11700,8370,231480,46670,1970,1360,490,2040,850,53380,16420,1960,380,460,2980,3500,1420,840,670,250,290,600,90,29860,1730,1080,320,130,2370,5620,390,510,330,1230,1070,3540,540,4080,4320,5410,4630,4190,26900,850,50910,4250,2540,1040,3430,3880,200,15340,1030,31570,2960,1680,2280,210,39740,5080,19210,750,2450,570,850,230,460,29600,2380,1120,3500,231480
2022-06-01,91340,74060,63610,8850,29190,2800,1750,3690,20,275300,46850,67240,56680,32890,17790,27290,26560,275300,7740,22710,133610,76490,11510,13900,9340,275300,57200,2960,1520,490,2030,1300,65510,16720,2860,410,500,3040,3450,1300,830,630,400,820,1000,130,32110,2030,1270,410,250,2680,6650,540,570,450,1620,1730,4920,750,3820,5930,8520,4710,4980,37040,1030,66770,6550,4070,1830,3610,4460,210,20730,1000,28570,3430,1660,1930,370,36970,4690,26420,900,2430,780,1540,310,580,37660,2900,1100,4000,275300
2022-07-01,107570,81840,81880,10840,32050,2660,3210,5600,20,325680,55410,75010,73110,38900,15720,34560,32970,325680,8860,24060,140080,93620,11400,36760,10890,325680,79560,2090,2070,830,2270,1520,88340,25340,3800,880,970,5440,6800,3500,2110,1330,300,1420,1120,220,53230,2940,2210,460,240,3030,8880,360,780,880,3700,1750,7470,1040,4420,7850,9030,7740,6250,23900,1210,61440,12390,4640,2700,7600,7080,370,34770,1170,22380,2730,1000,1590,340,29210,5870,27040,810,1980,940,1450,600,670,39340,1950,1060,3010,325680
2022-08-01,120860,87330,82700,10390,34380,2730,5560,4460,30,348440,73220,86380,70600,31330,18720,34750,33440,348440,17080,29190,148450,104140,15190,20940,13440,348440,75500,3060,1770,1000,2240,1590,85160,23910,3630,650,740,5500,7100,2120,1340,830,330,630,840,160,47770,4300,2310,500,380,3010,10510,660,970,510,2400,2020,6560,760,5450,7020,9830,10580,9180,29150,1410,73370,8390,4000,2630,13080,6970,750,35820,1520,32410,3720,1990,2740,470,42840,6670,25730,1370,3000,1180,2670,540,910,42070,2770,1560,4340,348440
2022-09-01,128980,90290,86910,12020,41290,3030,3860,5430,30,371850,71590,92940,75980,40060,21690,31910,37680,371850,17030,29650,160560,111980,17500,18860,16270,371850,82810,2060,2710,1500,2980,2000,94070,33500,4530,730,1290,6550,8500,3280,2020,1430,520,800,1230,220,64620,3890,2680,720,410,3740,11440,780,1260,360,1690,2290,6380,890,5240,7200,9810,12690,9680,29690,1440,76640,7480,4350,2810,7840,6550,750,29800,1450,26470,4360,1580,2830,410,37100,7720,28630,1400,2930,1330,3130,570,1300,47020,3250,1530,4780,371850
2022-10-01,150840,110020,96970,14680,44870,5220,2560,5300,30,430470,90740,118420,93850,41150,20320,32740,33240,430470,18660,35400,167770,157810,17860,16290,16690,430470,98600,4230,2340,1680,3150,2490,112490,47420,4770,1290,1420,7870,12020,4160,3010,2290,720,1090,1900,200,88160,4050,3270,1000,530,3940,12800,980,840,630,1880,2100,6430,740,6510,8510,8940,10230,9940,29680,1560,76100,7070,6110,3400,9710,6330,550,33170,1610,28310,3860,1670,2530,420,38400,10490,37640,1190,3000,1270,2970,720,1280,58550,2980,1400,4380,430470
2022-11-01,181040,133520,99100,17140,57000,7510,2950,6910,70,505240,113630,125300,94770,44180,36880,48870,41600,505240,22050,42410,210980,173340,20780,16730,18940,505240,91210,3280,2480,1910,2950,3670,105500,55410,5300,1260,1640,8150,12230,4300,3320,2110,1050,1340,2400,260,98760,5290,3520,1480,980,6630,17910,1830,1060,570,2450,3530,9440,1140,6600,10830,10990,10900,12140,37390,1710,91690,9100,7010,3670,12450,11700,930,44850,1430,35370,4770,2310,3960,630,48470,14500,51220,1730,3910,1720,4190,870,1730,79870,5380,3360,8740,505240
2022-12-01,242050,170840,120560,23110,70610,10150,2570,9080,0,648970,84260,126920,215080,108020,38190,42860,33640,648970,11900,19700,355010,212810,16740,16800,16010,648970,97630,4550,4070,1640,4940,3610,116440,97090,11140,1690,1890,11100,18890,6350,5620,3440,1640,3220,5580,560,168220,6690,3930,1590,1410,8290,21910,1600,1540,830,4370,3240,11580,1720,8000,9550,17370,13890,15020,38400,1970,105930,13880,13490,5140,14090,16190,1160,63940,1810,35230,5580,1910,4170,730,49430,17870,66470,2210,4940,1840,3450,1240,1940,99970,7980,3570,11550,648970
2023-01-01,159130,109950,73690,15650,40400,5920,2260,5400,10,412410,83900,87850,92420,47660,22580,33110,44890,412410,11570,21480,143080,160540,27350,30920,17480,412410,65480,5000,2850,1050,2990,2260,79620,55070,6640,1320,1090,7340,12370,3920,3390,2330,870,1430,2640,260,98660,3880,2840,1100,670,5150,13650,440,1170,670,1940,1970,6190,960,3920,8380,6990,6720,8110,10980,1180,47250,14630,10630,9380,9590,18300,710,63240,900,19610,2150,1120,1820,470,26080,12170,49840,1550,3250,1300,3080,810,1150,73150,2660,1920,4580,412410
2023-02-01,247020,154570,100040,20920,57590,8180,2830,9480,90,600710,132020,123020,125550,65780,26450,54080,73810,600710,16740,40750,201350,218480,25640,74340,23400,600710,78650,3400,2440,1640,3950,3090,93170,72110,7010,1960,1750,10980,17970,5350,4340,3570,1230,2380,3420,320,132400,5510,3870,1830,1100,7150,19460,1240,1960,1010,2420,3450,10090,1500,6860,11830,14290,13700,11130,19830,1540,80680,40430,11920,8900,23890,24950,1420,111510,1930,31520,3660,2560,3060,850,43580,18350,69560,2210,4090,1800,4300,960,1900,103170,3730,2910,6640,600710
2023-03-01,234000,159250,111920,23070,65300,8260,4000,7440,100,613340,148180,145860,132280,61290,31060,44320,50350,613340,19930,46850,242070,229680,24440,28520,21840,613340,95840,3220,2520,1080,3600,2860,109120,73490,7790,1600,1560,10410,16510,4590,3750,2690,1190,1800,2840,350,128570,4820,3930,1540,1090,6120,17500,1570,2110,590,3430,2870,10570,1300,9010,12290,12470,12720,13420,30840,1440,93500,26810,13200,8480,26750,19050,1560,95840,1960,38790,4760,3230,3850,610,53200,17470,63440,2220,4690,2200,4240,1140,2230,97640,4870,2530,7390,613340
2023-04-01,200230,144420,105730,18180,59740,5150,3930,7480,60,544920,117150,159150,120500,48730,24130,33740,41510,544920,12690,30890,222680,213040,20950,25220,19460,544920,112140,3370,2760,1460,4850,3190,127770,42920,5160,870,1210,7610,9610,3650,3280,1730,630,1030,1660,260,79590,3240,2510,680,750,4040,11230,690,1230,650,2730,2630,7940,2490,12680,14080,22350,15330,12090,25630,1480,106130,32000,16120,7500,14590,15700,1090,87000,1510,35390,3860,1760,4000,640,47160,12200,46260,1790,4830,1740,3140,940,1410,72300,3740,2060,5800,544920
2023-05-01,189420,138830,104520,15840,49460,3740,3860,6620,40,512330,131140,142150,93450,41060,24050,36430,44040,512330,28260,41850,182590,195700,21500,24460,17970,512330,98290,3870,3270,1560,5200,3750,115940,24610,3780,870,870,6820,6520,2290,1710,1120,460,600,1010,130,50810,3880,2310,670,620,3170,10660,640,560,550,2250,2620,6620,1500,9140,13360,16110,16840,14430,39330,1470,112180,32210,12550,7830,18550,18690,1340,91160,1970,41230,4970,2600,3350,560,54680,9810,42380,1740,3520,1860,3200,600,1600,64710,2950,2620,5570,512330
2023-06-01,203410,132140,123700,15700,50370,4770,4970,6980,40,542080,122310,145610,107890,57090,28970,38010,42210,542080,19930,35900,200990,217640,22860,24920,19840,542080,106720,3480,3890,1910,5340,3730,125060,22700,5080,690,730,6940,6120,2250,1410,1050,730,1120,1380,110,50310,4750,2140,660,580,3630,11750,680,840,870,3980,4170,10540,1560,8610,17340,26710,12630,15300,42610,1440,126200,37330,12560,10830,15040,18210,1910,95880,1420,36680,4010,2450,2920,890,48370,7310,49080,1600,3320,2000,3070,860,1480,68720,3160,2100,5260,542080
2023-07-01,233530,153260,152860,18490,46450,4150,5520,10780,60,625120,133100,161140,136210,68270,21340,54440,50630,625120,22850,40370,184060,253770,20070,75610,28390,625120,115960,2270,3500,1900,5450,3740,132820,32990,6030,1320,1530,9480,10530,5390,4330,1870,530,1790,1550,480,77850,5750,3450,690,530,4840,15260,620,1060,1370,5940,3820,12810,1510,9520,16350,22360,14080,14270,23560,1660,103310,79040,18450,14120,30540,22950,1390,166490,1680,24120,2850,2120,2620,780,34180,9680,55980,1430,2880,1710,2570,1190,1830,77260,2650,2500,5140,625120
2023-08-01,230460,146660,141410,14860,54240,4140,4960,6640,0,603360,156690,181890,113180,39950,23350,45010,43290,603360,22290,36100,198430,267700,23180,33650,22010,603360,105050,3480,3050,1660,3840,2950,120030,31400,5080,1080,950,7950,9710,2750,1990,1010,520,770,1270,260,64740,5800,3710,930,710,4170,15330,820,1000,740,2970,3040,8560,1530,8190,16060,14240,21860,14020,31330,1750,108980,58790,19580,14000,43550,30000,1940,167860,1500,30250,4060,2340,3710,560,42430,9140,48240,1860,3470,1660,3080,880,1710,70030,3290,2110,5400,603360
2023-09-01,220760,139180,135030,16690,57120,3790,4110,7790,140,584620,136760,173550,108620,48040,26770,42230,48660,584620,23570,35510,205360,239530,26620,28290,25740,584620,128820,2510,3800,1530,3670,3800,144130,35950,6290,1000,1520,10090,10460,3600,2650,1420,790,950,1470,220,76420,4840,3600,1060,700,4630,14830,810,1230,660,1990,2530,7220,1350,6420,13790,14630,16440,12220,31140,1390,97370,59080,13730,10390,25130,27700,1450,137480,1670,29370,4250,1810,3500,580,41170,9230,36400,2150,4000,2560,2900,940,1580,59760,3760,2500,6260,584620
2023-10-01,235230,154040,128570,17550,56430,5730,3650,6720,0,607930,157410,170830,114020,51280,27480,43220,43690,607930,28730,44810,203690,252630,26170,24500,27410,607930,123200,4130,3200,1660,3890,3880,139960,50610,6360,1600,2120,11290,14700,5710,3830,2750,1050,1340,2390,220,103960,5460,4550,1330,830,5390,17560,750,940,560,1910,2540,6690,1540,8040,14880,13490,13830,13350,27680,1430,94240,43060,14610,11600,25040,25100,1210,120620,1520,26930,6990,1520,3300,580,40840,13670,51700,2100,3650,2440,2720,890,1780,78960,3150,1930,5080,607930
2023-11-01,255670,172770,128830,19770,67460,8200,2930,8120,20,663760,176580,180600,117520,52390,38500,51500,46680,663760,23530,47450,236280,278460,28030,21720,28290,663760,116350,3870,3030,1860,4140,4680,133940,57860,7130,1550,1830,11320,14740,5110,4270,2520,1220,1660,2760,310,112280,5920,4510,2250,1030,7070,20780,1460,780,500,2370,3500,8620,1270,6370,13140,13650,14030,12550,37750,1770,100520,45880,14880,9910,31050,31250,1310,134270,1720,37700,6060,2020,4220,740,52450,16840,61660,1810,4270,2060,3630,1010,1800,93080,4680,3150,7830,663760
2023-12-01,351760,236680,159270,25240,80370,9990,3000,10430,120,876860,140230,218580,266110,119090,43710,47490,41640,876860,12460,23460,407450,357880,20820,23090,31710,876860,125640,5270,5630,1470,8120,5530,151660,97170,12840,2290,2030,13930,22630,7310,7650,3940,1920,3120,5720,510,181060,8450,4740,2150,2020,11050,28400,1760,1050,1260,5160,3940,13170,2040,7950,15130,24210,17370,16680,43330,2090,128800,66530,25470,9850,34000,36110,2120,174090,2850,43970,7180,2130,4890,1020,62040,21320,85200,2460,6380,2510,3640,2030,2490,126040,7470,4130,11600,876860
2024-01-01,240650,169910,105180,20680,50300,7020,2510,7500,30,603770,125820,143480,123170,62180,30780,49330,69020,603770,7210,28050,186650,262700,39980,50770,28410,603770,94410,5800,3700,1370,3550,3910,112740,62100,9830,1650,1590,11770,15340,4870,4190,3180,1300,1670,3010,300,120820,5740,4090,2220,1060,7360,20460,650,900,810,1860,2850,7070,1130,4560,7780,10240,7140,10920,12560,1460,55790,71170,11490,11460,20460,33210,1300,149080,1410,26200,3140,1560,3050,850,36200,16050,63980,2520,4990,2170,3160,1470,2030,96360,2770,2480,5250,603770
2024-02-01,352320,238270,139620,24390,78250,9990,3380,11620,120,857950,204980,233340,156730,67540,31030,72140,92190,857950,17790,44180,242720,391080,31150,101120,29910,857950,105970,3520,2800,1690,4160,3890,122030,77140,7070,1880,1840,11870,19580,5220,4450,3560,1360,2540,3220,340,140070,5730,3810,2300,1040,7440,20320,950,1380,1160,3000,3130,9620,2230,6760,21820,17600,20950,14750,26690,1700,112480,149770,23840,19820,40790,42020,1640,277890,2230,36010,4610,2430,4620,800,50700,21350,82790,2420,4170,2520,2770,1280,1610,118910,3420,2500,5930,857950
2024-03-01,282310,199120,159500,22290,76560,9210,3580,8390,90,761050,197670,210950,159410,62590,31010,47940,51480,761050,19610,43920,274720,334530,29530,30810,27920,761050,115270,3870,3380,1490,4260,4120,132390,78820,9560,1710,1700,11170,20280,4670,4560,3010,1030,2090,2680,330,141590,5240,4490,1770,1020,6320,18830,1380,1170,640,4290,2540,10010,1540,8120,15130,14730,13960,15000,33510,1740,103720,58240,23850,13340,44800,29970,1140,171340,1740,42390,5330,2130,4360,540,56490,19130,84770,2590,4560,2440,2560,1570,2050,119670,4460,2560,7020,761050
2024-04-01,223790,150720,123210,18400,60570,4780,4120,7430,90,593090,151920,180640,105790,45300,26810,38850,43780,593090,15030,39240,199380,256830,25760,31800,25050,593090,115910,3210,3100,1490,4200,3210,131120,40140,5080,1020,1110,9530,10140,3280,2900,1630,690,960,1370,280,78110,3810,2730,990,660,3840,12030,420,1130,650,2970,2770,7930,2030,14470,13670,24290,17460,11610,26470,1560,111580,58020,12930,10470,21450,22820,910,126600,1870,35360,4120,1550,4030,590,47520,12930,47610,2140,3450,2140,1910,1010,1500,72690,3450,2060,5510,593090
2024-05-01,224370,155240,122910,15590,65820,5060,4540,7230,20,600780,169510,190080,92020,42280,24530,39130,43230,600780,23830,44380,197920,258760,24820,26400,24680,600780,116950,2310,3920,1550,5430,4180,134340,27870,4470,800,970,8490,7040,2460,1870,1170,530,690,950,170,57470,4120,2670,810,460,3220,11280,560,800,580,2190,2790,6920,1140,9400,12860,19390,22240,14880,47710,1460,129090,55130,16430,12100,23010,26980,900,134540,1690,44580,5310,2340,3870,590,58390,8790,43980,1870,3200,2170,1840,750,1410,64020,3070,1660,4730,600780
2024-06-01,209940,154820,130370,15350,62120,3720,5120,6260,60,587760,141390,178200,109960,50830,28390,38110,40880,587760,27720,35350,203340,250020,24140,25940,21250,587760,103850,900,3820,1130,3430,4230,117360,23230,4980,810,920,7210,6010,1990,2060,1070,690,1270,1430,130,51800,3440,2520,600,510,3110,10180,490,670,1500,2540,2690,7900,1650,6370,17660,26870,15020,18800,50610,1370,138340,55670,15980,15670,20310,25050,1070,133760,2230,39550,4410,2200,3760,540,52690,7490,52460,1330,3060,1920,1640,920,1470,70280,3350,2090,5440,587760
2024-07-01,234450,161390,171360,15820,56420,3900,6740,8810,80,658970,138940,190990,133010,57110,22080,58540,58300,658970,18640,35560,191260,284280,21710,84140,23380,658970,121320,1060,3900,1300,3400,3520,134500,32840,5560,1300,1450,9570,10370,5290,3100,1610,410,2020,1450,340,75310,5070,3730,680,670,3480,13620,440,1150,1150,5980,3190,11910,2070,8810,17090,20620,16920,14900,27300,2030,109740,103840,21430,19790,33240,31090,1750,211140,1970,26860,3250,1840,2750,640,37300,8540,42030,1400,2680,1870,1400,1240,1380,60550,2700,2190,4890,658970
2024-08-01,240840,153480,164980,17490,63790,4550,5050,8610,10,658810,175730,215580,115880,39470,23970,46200,41970,658810,21250,38470,202390,310320,24080,35970,26320,658810,112780,2700,3390,1680,4030,3300,127870,34770,5600,1270,1210,8520,10100,2830,1910,1060,470,920,1190,320,70160,6370,4080,860,540,4010,15870,670,830,740,3460,2610,8310,1250,7470,14630,16350,18490,14410,41280,1960,115830,78550,20150,18240,54420,36140,1950,209450,1560,34460,4230,1620,3600,580,46060,9240,41070,1620,2880,1860,1540,740,1310,60250,3140,1860,5010,658810
2024-09-01,233670,151000,141630,17950,67930,4230,4820,9370,80,630700,156640,191640,111280,49120,28020,44760,49230,630700,30500,41330,208900,264550,28570,31350,25510,630700,118440,2000,4270,1550,4570,4210,135050,41980,6410,1150,1510,10860,11410,3730,3090,1600,890,1150,1800,240,85820,5170,4190,1120,680,4410,15580,710,1400,670,1840,2100,6710,1800,6720,12980,17800,23090,14040,31370,1750,109570,73570,15170,11710,32570,29910,1010,163940,1390,33200,4910,1410,3750,590,45240,10140,41370,1670,3320,2380,1440,1170,1470,62950,3460,2380,5840,630700
2024-10-01,255470,166600,148340,16700,74020,5640,3940,6650,60,677410,189760,194210,121280,53600,30180,43350,45030,677410,28830,45050,220890,299070,27360,27730,28490,677410,139280,3400,3730,1600,4150,4420,156590,55200,6970,1560,1840,12110,15620,5110,3810,2800,1110,1360,2290,300,110060,5750,4690,1390,840,5470,18140,750,1200,600,2220,2960,7720,1180,8910,14450,14950,16170,14090,34860,1750,106360,61220,14700,11370,31370,27510,1090,147260,1580,30970,7340,1510,3410,660,45460,13950,54030,1950,3130,2120,1580,1120,1500,79380,4120,2320,6440,677410
2024-11-01,260180,177810,136530,21030,77210,8910,4490,9110,90,695360,186880,194060,125620,55000,38450,49740,45610,695360,29010,49650,243440,296590,27950,21640,27090,695360,115180,3210,4000,1780,5320,5250,134750,62940,6430,1650,1740,11980,16260,4960,4460,2550,1430,1530,2880,300,119110,6080,4280,2450,1050,6930,20800,1190,1260,770,2860,3160,9230,1280,6220,12430,15310,14660,13650,39430,1710,104690,55800,15530,10140,34840,31730,990,149030,1660,41140,5780,1980,4870,820,56260,17090,63230,1970,3730,2220,2390,1120,1570,93320,5150,3030,8180,695360
2024-12-01,358290,258030,176290,28540,97540,12400,3870,10240,80,945280,156530,242640,294300,121720,42360,47410,40320,945280,13490,25460,438280,399190,22660,24560,21640,945280,133600,4750,6580,1500,9180,5670,161290,103730,14540,2700,2540,14780,26430,7200,8010,4300,2090,4000,6990,630,197940,9430,5300,2920,2410,12520,32570,1510,1960,1330,6090,4650,15530,2140,8620,12600,26100,16980,17740,46110,2010,132290,70570,24740,10360,40070,38130,2090,185970,2440,52740,7160,2300,5750,1240,71630,20310,95060,2480,6440,2170,2720,2140,2430,133770,9350,4930,14280,945280
2025-01-01,272580,204090,126180,21200,67670,8960,2580,6740,40,710040,147830,199780,145060,66230,31990,49070,70080,710040,6830,25920,208860,348220,42960,51110,26140,710040,96250,5500,3590,1510,4030,3960,114840,71140,11210,1860,1830,12160,16590,4820,4500,2990,1160,1690,3280,440,133680,6580,4070,2580,1360,7270,21870,750,1740,1030,2270,2870,8660,1240,4510,10340,12110,10700,11770,16510,1250,68420,114660,17940,18040,21970,41210,1320,215140,1340,27650,2750,1870,3320,920,37840,16730,72090,2610,4420,2230,2400,1500,1930,103920,2940,2730,5670,710040
2025-02-01,319280,209460,134150,25380,74760,9670,2910,12090,60,787770,181020,183160,139170,66620,32940,80510,104330,787770,19470,45970,226360,315680,33410,119230,27650,787770,88800,3480,3040,1440,4640,3780,105180,77620,7390,1960,2100,13370,19800,5840,4730,3450,1360,2200,3360,250,143430,6450,4240,3080,1430,7960,23160,880,1940,1560,2880,3240,10490,1920,6270,17270,16680,15780,12280,21840,1300,93340,122680,16540,15370,39480,41680,1390,237130,2610,39920,4730,3310,4650,960,56180,20330,79290,2470,3420,2710,1710,1310,1600,112830,3270,2760,6030,787770
2025-03-01,286400,212550,133990,24250,81900,9540,4490,8050,50,761230,191530,220860,149620,62510,32070,50800,53850,761230,20880,50970,254700,336060,30950,40070,27610,761230,104570,3300,3000,1380,4020,3990,120250,74520,7550,1690,1890,11840,19240,4850,4200,2420,1080,1550,2430,350,133610,5610,3930,2430,1280,6710,19960,1310,1390,1420,4180,2460,10770,1060,8100,14680,25890,16730,13660,33940,1650,115720,70990,16700,13730,46750,29160,1150,178480,2240,43370,5640,1970,4300,870,58390,19840,83460,2510,3760,2550,1930,1090,1970,117100,4660,2310,6960,761230
2025-04-01,235560,169350,131390,19860,68340,5310,3970,7300,60,641150,155970,190640,134140,49840,28700,37880,43970,641150,27920,31530,240910,261850,26980,31140,20830,641150,123950,4680,3690,1430,4370,4100,142220,55990,7990,1070,1330,9900,12020,3370,3250,2080,810,1460,1710,280,101260,4320,3230,1040,840,4920,14350,580,1290,590,2130,2420,7010,2060,14120,11030,16840,13440,15580,26070,1480,100610,73770,22860,10920,17600,19540,950,145640,1800,36090,4080,2150,4090,700,48930,13020,49040,2120,3340,2210,1480,1250,1390,73840,4670,2610,7280,641150
2025-05-01,227360,151600,129320,18610,67990,5320,4840,6120,10,611180,168950,185600,97670,43000,27250,41500,47210,611180,23380,42950,205500,260010,26850,28750,23730,611180,117250,3660,3900,1590,5000,4090,135480,30760,4700,900,1000,8600,7350,2480,1800,840,570,600,1100,130,60820,3960,2600,770,680,3170,11190,620,820,790,2040,2030,6290,1460,9120,12820,17110,20880,17790,43100,1560,123830,67350,16960,12680,23220,24140,850,145200,1570,47940,5550,2180,3630,620,61490,9430,42360,1900,2620,2200,1250,740,1370,61860,2950,2070,5020,611180
2025-06-01,217640,152730,148830,15680,70570,4990,7090,6950,30,624510,150610,194490,111080,54140,29750,40220,44220,624510,22900,37100,206880,277830,26830,30740,22220,624510,119730,4330,3670,1550,4110,3990,137380,27900,6040,810,980,7610,6220,2040,1800,990,600,1270,1500,130,57880,3610,2750,680,630,3410,11090,400,630,1090,3390,2710,8220,1420,6350,14310,26890,15700,18240,60860,1730,145490,60200,17890,16860,21570,23300,1170,140980,2150,36770,4070,2390,3100,610,49090,7950,51750,1580,2500,1910,1550,730,1160,69130,3250,2000,5250,624510
